video_id,video_id_str,frame_count,model_nss_mean,model_nss_median,model_auc_judd_mean,model_cc_mean,model_sim_mean,model_kl_mean,baseline_auc_judd_mean,baseline_sim_mean,baseline_kl_mean,beats_auc_chance,beats_sim_baseline,beats_kl_baseline,nss_positive,cc_positive
601,0601,25,1.1452719857123959,1.0058703510374987,0.8500511311708996,0.18411080877604782,0.1377228036468732,2.6234772223208127,0.5083483251752052,0.06853448792881496,3.301178592126891,True,True,True,True,True
602,0602,12,1.9345827701138478,1.9288111823556071,0.9082501263836784,0.3733085807794531,0.24682613129747655,1.7813540938748786,0.4927347357768046,0.10220653839298595,2.8381853680303526,True,True,True,True,True
603,0603,37,0.7144311953315456,0.468801516132026,0.771704264758187,0.14615886206279444,0.17041932975063068,2.53973780119738,0.5259276257820747,0.11047733043002095,2.7541478105703874,True,True,True,True,True
604,0604,25,2.0276519500812937,1.6824097658853416,0.8809478884061792,0.37393972496885675,0.24019929614293162,1.8989603051332258,0.533651778629354,0.08926468385329624,2.9999416060462654,True,True,True,True,True
605,0605,23,2.7042016999963754,2.801684205113831,0.9274958201591764,0.4885405187494051,0.3554493171358425,1.5354190470051332,0.5559467706153128,0.09822822675215691,2.8883290560279438,True,True,True,True,True
606,0606,32,2.0041026627586582,1.9475767160186632,0.8998869495719769,0.3905121515256501,0.2777542545404813,1.7525412740749635,0.5467719629161681,0.09122944450283957,2.994098500331642,True,True,True,True,True
607,0607,27,1.8183779485654339,1.6633876153663214,0.8918216763505222,0.37111646326407866,0.28156317553027416,1.7023533569743368,0.551136885889221,0.11050331669203646,2.75807656434053,True,True,True,True,True
608,0608,26,1.183022765624482,0.8287901862624125,0.83728110386369,0.2554977487780942,0.22648308657326385,2.044749732038816,0.5710154795455067,0.11349516528455801,2.7321102260723586,True,True,True,True,True
609,0609,32,2.5200180889855366,2.4399093161235546,0.9394746567019479,0.49577920202830705,0.31899209572283954,1.4634396778575014,0.531835501120946,0.09245042958562617,2.9262350373824835,True,True,True,True,True
610,0610,15,2.043834422696397,1.8123542091623932,0.9052607452697464,0.3211031930141099,0.23114004806431065,2.0040813098368484,0.5814469587948005,0.08154125666821589,3.2166538446684,True,True,True,True,True
611,0611,25,0.9869113277023414,0.9035593179162852,0.7913467275390456,0.21891391600202414,0.18342750472754624,2.473302181444932,0.5500470707556591,0.09917818459257687,2.9136239044896555,True,True,True,True,True
612,0612,26,1.285568278832436,1.33788770549411,0.8473781392667413,0.2749782551612724,0.21288279512860248,2.102224241230802,0.4838212859451485,0.1005166358294324,2.8712347434673453,True,True,True,True,True
613,0613,19,1.0197886816052746,0.922176959685505,0.8424660456289044,0.22034664625522868,0.2154365312473898,2.1377967517738017,0.5281233325691084,0.11594920071955025,2.7231894226643774,True,True,True,True,True
614,0614,18,1.880123795018327,1.7752397602539887,0.9014894375070883,0.3752188779446395,0.3061080952930366,1.7192248742398466,0.5636030422983186,0.11773379496196225,2.6938708946815124,True,True,True,True,True
615,0615,21,1.084322687223282,1.0131499683927159,0.830224611845167,0.26863968637783886,0.22249844514569447,1.9431563235817986,0.5173797433497968,0.12081856268140664,2.6367593720564435,True,True,True,True,True
616,0616,29,2.1064076662820623,1.8190072764830394,0.9102107113194745,0.45637509408688903,0.3322573277678171,1.545199947944473,0.5475555070761594,0.11975295408074625,2.6963630685694433,True,True,True,True,True
617,0617,27,3.8545123292062704,4.125811789426194,0.95280169186799,0.5677258261475115,0.2891731336395415,1.5293960273998057,0.516466603699345,0.07494723546479708,3.249381351138606,True,True,True,True,True
618,0618,16,0.41483505827096584,0.2841630253745182,0.7269086443529488,0.09504964538223684,0.18569985045955595,2.4785291455349414,0.5356997846842861,0.14086968232512662,2.5132213021031564,True,True,True,True,True
619,0619,11,0.5449222218966429,0.5388311763448883,0.8008082245233279,0.13272720436602203,0.1730400775681984,2.5444947488504903,0.5784549981081986,0.10228136325161617,2.8588283767537477,True,True,True,True,True
620,0620,28,1.0623277989032662,1.157410481974294,0.7992144098063887,0.24284016834681607,0.20876163883455984,2.2249781116734955,0.5534675087983267,0.11727454135811637,2.7314531476094404,True,True,True,True,True
621,0621,14,3.8628714993734077,3.896414826139712,0.9465691430367501,0.6422143354685925,0.34060505751417663,1.3657662592437467,0.5361998051816653,0.08582884984666549,3.077131309029016,True,True,True,True,True
622,0622,9,2.233043267917304,2.6521378314920168,0.9273569368537176,0.40585624513610846,0.27440725209148387,1.7281689998095002,0.5905096079622232,0.08354587334679493,3.01343678620223,True,True,True,True,True
623,0623,28,1.9481680326896018,1.8961026738286755,0.9080282021546812,0.39751975215770213,0.32421711195498926,1.6216884816376766,0.5637752680325415,0.1043238260311938,2.7919123888639925,True,True,True,True,True
624,0624,24,1.6616962917487763,1.5705214633338906,0.8564528524671209,0.33793937749187436,0.2687787464030294,1.96923299007055,0.5569023918270801,0.10691570059330213,2.8313330682498985,True,True,True,True,True
625,0625,18,1.1792934035219458,1.172108737495886,0.8555279381073231,0.2081121670145812,0.18606076962204446,2.269355249151324,0.5468798910714735,0.08931134370760326,3.0263923149733634,True,True,True,True,True
626,0626,10,0.8083949793734522,1.118106558297983,0.73303110881961,0.14113115648986488,0.13712179492909926,3.1126767021575548,0.4866047874869877,0.09228507164273964,3.0611931934114027,True,True,False,True,True
627,0627,21,1.590343560689392,1.7062043264871865,0.8841859086715752,0.35033965658219474,0.26031399078215883,1.7708270336146985,0.5144679899373638,0.11644810339260009,2.731369375609856,True,True,True,True,True
628,0628,25,1.8708835170443445,1.7908901933650172,0.9116663459483137,0.3743873600531119,0.27652253661492066,1.6840302004097005,0.5384012090733946,0.10470637116667236,2.8407878979191623,True,True,True,True,True
629,0629,33,0.5004822372247775,0.522667649636856,0.7946671299123069,0.0934335596192584,0.1311076255495639,2.7684794681460896,0.5522286474142104,0.08397395113253332,3.1097713265703044,True,True,True,True,True
630,0630,32,2.196741117841138,2.0508104091496078,0.9216846986597838,0.4446906931692023,0.30650377344270363,1.544670901934345,0.5316331222801259,0.09933483815277375,2.845880089875428,True,True,True,True,True
631,0631,29,2.6351347808637593,2.4724966686141325,0.9272557880573884,0.4860450339840191,0.30981091300746344,1.5430311155810217,0.5340638095090878,0.10009052944997773,2.973651458701233,True,True,True,True,True
632,0632,25,1.8997699935978818,1.8007972916702737,0.8705405734368179,0.39417134831756473,0.27375854412488104,1.8147331861046672,0.5466714190464689,0.1126605338687504,2.7545490108146296,True,True,True,True,True
633,0633,20,3.284577755320504,3.2075492385497313,0.9667484260227528,0.5028266306810062,0.273047047059807,1.5754144047309027,0.5262187644892403,0.07958907466732015,3.149690470611062,True,True,True,True,True
634,0634,31,2.696466074528944,2.5902525744753344,0.9228733739450461,0.4755286280818294,0.2781941030871014,1.7015126484686174,0.5414594234247843,0.08807925237955336,3.0482488521092708,True,True,True,True,True
635,0635,26,1.2531053378973145,0.5956084586336906,0.8174997313253726,0.20428563573218828,0.17446816304173798,2.403227237289935,0.5483208616809689,0.09739541604304998,2.981851299068599,True,True,True,True,True
636,0636,18,3.872294583171646,4.012394621453482,0.9007386955575741,0.6681143812850469,0.35667331987447176,1.4458998677386161,0.5004846937882403,0.09194420462203416,3.045116308617516,True,True,True,True,True
637,0637,22,1.2332627240491059,1.301043909567158,0.8523677883533153,0.2535221114973861,0.23008574563714312,1.963553900182962,0.5326200501290423,0.1126172258925331,2.748561484690304,True,True,True,True,True
638,0638,16,0.05680782247052146,-0.06114985660375372,0.6908962177374935,0.014536907480390597,0.086905341270829,3.459450952569362,0.5518801843655714,0.07606052325007409,3.3085293283763617,True,True,False,True,True
639,0639,18,2.1268350243745333,2.0648391546427827,0.930702111341317,0.40066588751765053,0.24011548602130806,1.7474348624540574,0.5335346896090326,0.08302694775396871,3.032755947613215,True,True,True,True,True
640,0640,16,1.8789044952764238,2.0536164177225675,0.8838120740321329,0.33347040231134195,0.21436002436884388,2.115534405843305,0.5478185557918134,0.08229244663305868,3.1475368364567418,True,True,True,True,True
641,0641,14,0.7100501971079524,0.8128914456835113,0.7910572316979035,0.1741814355441815,0.18942017790201907,2.296226753330552,0.5244524684248725,0.12135523425398562,2.6826746510437762,True,True,True,True,True
642,0642,20,1.8429555347188535,1.8070561893341281,0.8587061740244565,0.40088194111549924,0.29880697615410123,1.773736889699173,0.4850254728541257,0.11931766238451147,2.663380870410204,True,True,True,True,True
643,0643,28,2.927595898176668,2.9186607858815377,0.9108649828501812,0.5325737161439734,0.334110926522159,1.5597455552558424,0.5630846670371487,0.09400605720259704,2.959408334759818,True,True,True,True,True
644,0644,31,1.9152766922349171,1.8806236537817267,0.8891563213061502,0.3684989797376682,0.25435996357485446,1.9011272044739114,0.5720494868246304,0.10395289724050712,2.8866043217662543,True,True,True,True,True
645,0645,21,1.4508886851314706,1.3072939499592349,0.8518333052114041,0.24390545187532536,0.1821780428714532,2.500783765473309,0.5618495659136722,0.08858373777500146,3.0635937038493624,True,True,True,True,True
646,0646,11,1.4280901971564488,1.303828132284971,0.8795194506390334,0.2286724815562411,0.167765472231538,2.311473699933781,0.5436979154199352,0.07069410054971803,3.29260531659033,True,True,True,True,True
647,0647,11,1.3997763931606628,1.5108109087436474,0.860777683792923,0.30544558542338573,0.23925521758221754,2.032335631245884,0.5224921254446596,0.10517093435149066,2.812592255206085,True,True,True,True,True
648,0648,29,1.1156896535427645,0.9436734730605619,0.8536033397992083,0.22753822688560388,0.2047645567280408,2.370823167124081,0.54051310904672,0.09354172090278856,2.9990420495671404,True,True,True,True,True
649,0649,19,2.687140254128312,2.7210644966183115,0.9188180030289801,0.49507696146000074,0.2721521387842959,1.6930858257371149,0.5088920944038283,0.0995481820865124,2.9735221189160845,True,True,True,True,True
650,0650,28,0.7794745665892594,0.6442831769769533,0.8138405048927545,0.17528503555550246,0.19344349314021533,2.2526600173559186,0.558360918298381,0.11996422490805646,2.7152759162215356,True,True,True,True,True
651,0651,40,1.3550290212307743,1.2224168552265757,0.844222163492016,0.2705388777167069,0.23282536057122724,2.125728029302496,0.5505185802610835,0.11286921076972171,2.7848012823283064,True,True,True,True,True
652,0652,20,1.8787527905295636,1.7133852637732134,0.8843029468708018,0.38456829637353246,0.2686967353551683,1.784544475372432,0.5262655506445878,0.09782586238030126,2.8712629813904433,True,True,True,True,True
653,0653,17,1.2722935995027258,1.330462693059072,0.8481866997815363,0.2666417123230107,0.2382287204225132,2.0338940015023885,0.5364897910278197,0.11856029363030993,2.706611856363136,True,True,True,True,True
654,0654,15,2.290609319571186,2.2868445831916864,0.931343202671283,0.41074031154711743,0.24583744583547595,1.876465461548945,0.539751438520874,0.09206947052095892,3.035169610181834,True,True,True,True,True
655,0655,17,1.1332342231381463,0.8967010594154414,0.8889095058615766,0.22161276204532288,0.22860696388208415,2.129109161373481,0.5085663098578199,0.0957573399703897,2.9451727483867436,True,True,True,True,True
656,0656,14,0.7601127958956241,0.7740285642649395,0.7546696735216597,0.20514908973077614,0.25146310515356574,2.1701524068023668,0.5404275277847317,0.15871479006171008,2.346293179054117,True,True,True,True,True
657,0657,18,0.7120378610466618,0.697498658128154,0.787117373060505,0.1360065681288922,0.15509566108199568,2.662819850053374,0.5498060925542366,0.0936465523130983,2.9827850378260106,True,True,True,True,True
658,0658,15,1.8662446461411324,1.3612384933169306,0.8905539411023443,0.4151191496537893,0.3207390930606324,1.6359576598337628,0.5076900593876629,0.11680397172606585,2.69110836031983,True,True,True,True,True
659,0659,10,0.5892234137037796,0.4449698030793908,0.7696464183276771,0.13894875647565208,0.18839361142872374,2.3843059275754803,0.5541246642647792,0.12060252086534377,2.6681148428311254,True,True,True,True,True
660,0660,18,1.526857454709746,1.4161924526972387,0.8772045783644644,0.2886487805226494,0.215516154798909,2.1066408599324355,0.5599050676877025,0.09186599498607353,3.0001729070036856,True,True,True,True,True
661,0661,16,1.5811443676774988,1.509689090806215,0.8813461656926957,0.3350037429747172,0.2395349304489236,1.8274652888544434,0.5581720049303498,0.10576702214085612,2.793113128164982,True,True,True,True,True
662,0662,24,2.049521202076303,1.7875503200649245,0.9065787425331475,0.33128508664785433,0.22848583613811435,1.9599865054439913,0.5662214691410316,0.09903642744880266,2.9397609927890334,True,True,True,True,True
663,0663,18,1.3735874836321356,1.460126230287492,0.836428920519833,0.25739490562173034,0.22885194993367236,2.3929831598736158,0.5637371401887973,0.10883046178846262,2.8084797228462715,True,True,True,True,True
664,0664,20,1.8757544773143375,1.9087356355389062,0.9133020932789526,0.3699037199322649,0.2772638033057951,1.800761427876569,0.5549967744543756,0.08664850271933824,2.995714422117257,True,True,True,True,True
665,0665,18,0.5604371150759933,0.2965251183782366,0.8494118162469264,0.09972821798703659,0.13280572329951293,2.7459940364895834,0.5694255052409138,0.07726160209740976,3.2221994898844484,True,True,True,True,True
666,0666,25,1.4452306713626009,1.4594147643216793,0.867012942902453,0.30924370559224207,0.26395411181070083,1.9117395360981346,0.5254301343065255,0.11458693341071365,2.7195789260582455,True,True,True,True,True
667,0667,19,1.2047340506200124,1.1696409354703932,0.8043060392513136,0.301272704611604,0.249676812660805,2.1913395164138985,0.5657265258380846,0.11839635834167547,2.6870293799964453,True,True,True,True,True
668,0668,9,0.800264532435994,0.38433901333061815,0.7982274075309858,0.17255190153673722,0.20615145478801397,2.3473266343236996,0.5010377173364817,0.12365984946007218,2.599904186074231,True,True,True,True,True
669,0669,20,3.63535348461635,3.733214979187183,0.9484713441782535,0.5404994722076721,0.33308031188526854,1.4769912526009763,0.5373766092453747,0.08957258500819679,3.0992411230608505,True,True,True,True,True
670,0670,9,1.552066709705318,1.5487165815042143,0.9101759760283985,0.3489368718067905,0.2961049994757827,1.6609088228029514,0.5349269051771862,0.10758564986972391,2.7777657847862027,True,True,True,True,True
671,0671,19,1.9963224225509195,1.8694550751631307,0.8933547694470909,0.35129042105559977,0.27034976738842137,1.9106679306534773,0.5381371224052817,0.10583474956846026,2.8635111406220153,True,True,True,True,True
672,0672,12,1.6438229967228442,1.7740277177782344,0.8855567225967326,0.3119914003944643,0.21852225185011184,1.941663767103221,0.5130653173615863,0.0884259433254156,3.0363553692608973,True,True,True,True,True
673,0673,9,3.027729882512159,2.8868384854003266,0.935981556782926,0.4334816314731422,0.24182642420018136,1.837914237137147,0.5385655541805996,0.08745256168574127,3.1174005180296103,True,True,True,True,True
674,0674,26,2.310289384725334,2.1881573934282956,0.9034631435051179,0.4303659257187781,0.2961314712712204,1.7324750958102624,0.5432382378003182,0.0956658455602044,2.9370197555126762,True,True,True,True,True
675,0675,22,1.4208391532609086,1.2067865873699848,0.8536567441397381,0.2542789992940946,0.21668822480414232,2.2362350749378384,0.5475380624891928,0.10567605802134307,2.8392380894675537,True,True,True,True,True
676,0676,12,1.1213110173742724,1.3929938581151866,0.8430596795675719,0.24209267582986682,0.22216347109811987,2.2508132581604694,0.5579648984762273,0.10939353437619194,2.8136463950801773,True,True,True,True,True
677,0677,26,1.3577802853865484,1.4576661346234636,0.8531376898141336,0.2709489839951119,0.17621104930855938,2.310250509832144,0.5495092547563185,0.07899370765919696,3.10457072666099,True,True,True,True,True
678,0678,23,1.4903310152158866,1.5270604776186485,0.8770169180406642,0.31918628963742957,0.23703958739918737,1.9667877179609958,0.5238888074764154,0.10620271498418206,2.7973047674725176,True,True,True,True,True
679,0679,16,1.3192261497965823,1.1950238485695008,0.88306425705147,0.2681069545104192,0.2426909895202029,2.0171330352612853,0.5592572302921517,0.10078364210018834,2.850369847720062,True,True,True,True,True
680,0680,16,0.9103985270911384,0.8478649672201481,0.8074071424796068,0.18976229021906346,0.20455855626658442,2.2250373782073676,0.5454748659485545,0.12526194659361525,2.6276486992425934,True,True,True,True,True
681,0681,29,1.5276578273873382,1.3870734255479742,0.8806562026209627,0.26869215883462066,0.1974033983205391,2.1237579782250973,0.5380961436576631,0.08641694553962984,3.0863870080450666,True,True,True,True,True
682,0682,11,1.1769195248424276,1.2224495501099193,0.8539424420563563,0.22369939328009722,0.22243077274038853,2.097068020213182,0.5570898697518273,0.11420639859890293,2.709720559833465,True,True,True,True,True
683,0683,16,3.049562126646669,3.053963855212416,0.9171492389116609,0.5159756081240223,0.3457595030327099,1.552383756206621,0.5348364589242878,0.10051064816878447,2.9264019557337795,True,True,True,True,True
684,0684,14,1.110392129801062,1.1243542435734808,0.8276682183091586,0.22354364728846374,0.19612764112070777,2.2918216456908955,0.5288054982360345,0.10751967254552752,2.8120490495858905,True,True,True,True,True
685,0685,19,3.801265224884035,3.665398078221551,0.9585114492643501,0.6216723013730465,0.40058840170606275,1.2045862031409251,0.5412802531078391,0.09817879206094077,2.9755727168188337,True,True,True,True,True
686,0686,16,1.0656331107169787,0.6844175179144887,0.7907176941607243,0.24655363707625966,0.2427497063552275,2.070574251703225,0.5495428921265944,0.14256941847734295,2.4377159433060505,True,True,True,True,True
687,0687,24,1.8616609314129668,1.9444842353753393,0.8715929834719839,0.39958084037934194,0.2926540265739743,1.6957112829344858,0.5396673842616745,0.12394277435462864,2.6112014204583485,True,True,True,True,True
688,0688,26,1.4002307950177932,1.3879690836639234,0.8780718093276275,0.2645317212185003,0.2337943328626816,1.981623318671315,0.5338941287070068,0.10723135690435084,2.841796933062287,True,True,True,True,True
689,0689,11,2.6852201595673746,2.6062334529583957,0.9145945661864701,0.5035319684711295,0.30847131222278845,1.574205591008768,0.5391385712684754,0.09910203041201095,2.902587128973815,True,True,True,True,True
690,0690,10,2.2760734675452268,2.3730746193924745,0.8968695285248078,0.4194577007400781,0.3105950405305108,1.6383658101345262,0.5101194041084278,0.1198780075817065,2.7112554697141347,True,True,True,True,True
691,0691,12,2.1299532655766424,2.0109129303315054,0.9145430644683769,0.4269219010655401,0.29212758566611463,1.5815119623642728,0.5196240734610132,0.10509450175151419,2.8388375938294437,True,True,True,True,True
692,0692,43,1.5765793209363992,1.535236916032653,0.9017969279290973,0.26164364016389036,0.19005248407870062,2.1385740110798954,0.5416254997003126,0.0845805203842305,3.1195072630528062,True,True,True,True,True
693,0693,20,1.9117637416176314,1.8087991386924926,0.8883362827088958,0.374373825144873,0.26808195313994887,1.7938708982712537,0.5738818152211452,0.1049255322940547,2.8211437000498103,True,True,True,True,True
694,0694,14,1.016737764803462,0.9246634637020341,0.8571404242489372,0.22562556613606036,0.21753923265364428,2.0546006128603898,0.5275216714335244,0.11312125552487848,2.6981842451119036,True,True,True,True,True
695,0695,20,1.7349241759244491,1.6215455395511142,0.8466787567876288,0.30477859635609483,0.22009962537685662,2.0943790626682715,0.5757535855616718,0.10518500349291242,2.851845036008029,True,True,True,True,True
696,0696,19,1.8764155285585313,1.812430870416364,0.9019400809178557,0.33961979964887695,0.22653082515939899,1.9652732277763894,0.5566474614540523,0.0966222416151895,2.940593246316591,True,True,True,True,True
697,0697,20,1.8432108366855702,1.8712333152431504,0.904918159030375,0.3935744664705096,0.2673144199259712,1.6870072626493218,0.5474338904562807,0.10920274670915364,2.8077926266328506,True,True,True,True,True
698,0698,15,1.3501275180259533,1.2609577155158682,0.8591173847442334,0.31330026836092345,0.2635963009865289,1.8037199401525181,0.5480929075500643,0.12927294351537477,2.5933331040726517,True,True,True,True,True
699,0699,39,2.175120955051238,2.257118370656572,0.8883285995671949,0.3978568916813485,0.26891817429730935,1.881973660673198,0.5442418898058131,0.0969371921321045,2.9460963407746044,True,True,True,True,True
700,0700,15,2.0128297912872966,2.127246774797217,0.9199601342438853,0.3278387423981668,0.2081996521350041,2.0229025524998088,0.5396113520092699,0.08954349590805051,3.1100476991165267,True,True,True,True,True
