video_id,frame_idx,nss_160,nss_320,auc_160,auc_320,kl_160,kl_320,cc_160,cc_320,sim_160,sim_320
601,0,1.6341111404978892,1.9269804306822598,0.8223087621696801,0.850070350311992,2.3333472619585462,2.1492263438808683,0.24933590704310243,0.3095460458484814,0.17936919187084485,0.1584657455384525
601,30,1.2035278186404592,1.7840732504613803,0.8737434827945778,0.8888521330261563,2.705677402597633,2.6260495617070427,0.18965071630786218,0.2308622817683038,0.12034536003204661,0.1093569740106775
601,60,1.3891100196444057,1.7866528652796194,0.8958593967194884,0.8560822337588531,2.3383568118583407,2.607018938632447,0.2707333075192381,0.23169566118933646,0.16051853213351056,0.13012271749965637
601,90,2.8655396738161087,2.515894612790969,0.9583626961518992,0.951148527789035,2.501439571152172,2.25817363617076,0.2668560777879228,0.3041524453009731,0.15715474390170142,0.13303402550672497
601,120,0.7747720359180765,1.5367118892473652,0.8439680333564976,0.8431564097625462,2.5538639924291475,2.675822241195313,0.16305131751074603,0.1979507339014114,0.12217557743152618,0.11603865700415954
601,150,0.9049215729795321,1.8396358534373507,0.854788778330865,0.8898434763202256,2.4665227124108604,2.305206578100256,0.2123320697395026,0.2688950343379303,0.16311255889710924,0.1321563869727825
601,180,0.7038449624877463,1.091638494908142,0.8388099495195194,0.7856085350055534,2.361683697740236,2.498041804753229,0.2095642875284327,0.2074973915811841,0.15839984901660503,0.13535459279699308
601,210,0.6259419783527016,0.8328804366998923,0.8126196269261963,0.7716385667633364,2.745093914097293,2.9425058558716994,0.11784503671302539,0.14426342448555637,0.12035239243472443,0.10255434480416648
601,240,1.8629802277377123,1.3688050008182011,0.9130887869945811,0.8962260198524048,2.6608518107065753,2.807202018485503,0.19062644213243674,0.1567364237751085,0.131614165034902,0.09677115963269603
601,270,0.867007411378795,0.9142749508865481,0.7993368030459278,0.7770336611983875,2.5265900307205986,2.7449299019778683,0.17713862982913817,0.14434748355209043,0.14140612581550024,0.10888926227815683
601,300,1.3514543083844386,0.8429714829707297,0.8769103924083422,0.7493851181020565,2.885035972407893,3.0897434687593264,0.1341262461149103,0.1199981214391257,0.10822509178671162,0.08343912593599231
601,330,0.6269976590456247,0.8000957611318743,0.8176264897263021,0.8080101560511606,2.640033313950627,2.904777536127298,0.12806009290968992,0.09645387202277424,0.1458998545604038,0.11838154220308601
601,360,1.7314657477705884,1.3700991673540264,0.9133450328977852,0.8787581975498961,2.2951629290076054,2.422001443401145,0.29129535131221074,0.21756974296412407,0.15961861185662324,0.1274017204443805
601,390,1.4872029228785066,1.3240955824865595,0.8598771789056034,0.8616785403996524,2.1721152529433403,2.47247616565279,0.3068196500626377,0.21579547558603238,0.17114035272098177,0.12819815965653994
601,420,1.4226851943981145,1.1430703913014186,0.9092738012508687,0.8867546981374052,2.1626456230469318,2.5727017851252647,0.3077934895984705,0.16845063787278103,0.180387367644936,0.11645991864865049
601,450,2.5191704567373674,1.1936582694784965,0.9669144034636846,0.9015956545003594,2.0219284940512754,2.341590635785068,0.3852111626953105,0.2201938870439689,0.1987230114023306,0.13000181526335447
601,480,2.4138254084501938,1.6219795114211644,0.9496304020391612,0.8927682683742,2.1515113293021018,2.4777326372395017,0.3328570848523749,0.2233431804829648,0.1812881386364601,0.12429105713580219
601,510,1.0427786404500419,0.782745908463264,0.8540363497358909,0.7745963570210286,2.5489487826843655,2.775487041405229,0.1570646167983753,0.12159895444149364,0.13926942009436852,0.11309049413678768
601,540,0.26988120637716195,1.0576229703865387,0.7742008339124392,0.8022080393962562,3.459982836470654,3.36407430775219,0.046953937660249474,0.09995943357995839,0.06269140805047808,0.05961547731054995
601,570,0.7369563907357145,0.6001867748129168,0.8288503339917221,0.8031284758576436,2.8322145970585173,3.0308541321415596,0.09150593558478953,0.07831859771000466,0.11648149400397813,0.1107604373501506
601,600,0.05795388141544098,0.6725469625311857,0.7480489555833449,0.8201152265236766,3.5919864097645666,3.3564411538831385,0.020867900103617797,0.08804341776530934,0.058237277864083954,0.06110287650354712
601,630,0.21671640949859342,0.7095416633241901,0.757462718993326,0.8093556669678854,3.0425033397415984,3.028222812016686,0.05216324841181117,0.09427583417556062,0.08196774905740187,0.07033913630065407
601,660,0.43953739156557614,1.5166600944501603,0.8074543792205571,0.890621144991747,3.2949122512657034,2.899561999397195,0.04858331181181587,0.14308560900871034,0.08251889035208522,0.0894219954715105
601,690,1.0058703510374987,2.1759143551105224,0.7747835196917638,0.831597458013283,2.5289203499371653,2.291154260538294,0.16972219913921294,0.27662280623768526,0.18593993588954222,0.20010272025965625
601,720,0.47754683261161057,1.1352707636821668,0.799977171442467,0.8405816047076191,2.7656018707165617,2.455535319423104,0.08261220023431178,0.19659188502752925,0.11623299068297384,0.15099555069396525
602,0,2.8281096619295876,1.029527501707147,0.9523246807411968,0.779397025682025,1.024109474009893,1.7055324963020388,0.5992213394595259,0.3185203373022751,0.43683494970717146,0.25503098502230903
602,30,1.9010114923820722,1.6141526277534404,0.9220099898711048,0.8830307558644657,1.9535512222526135,2.243147445475514,0.3479234897084458,0.29294706479603794,0.19336332564753309,0.1652982469431437
602,60,2.012846474938194,1.1326465672631612,0.9290618485059068,0.7982244901010163,1.4461157198910888,2.172092644663402,0.48120750723963274,0.25884201573678434,0.29280723101330475,0.18140528920587728
602,90,3.0609660931058187,2.7593449433904595,0.9737526059763725,0.9302059180308191,1.748365491439286,2.1507606457015536,0.4993553115351564,0.3999726705324144,0.22432803534420803,0.15737673742583075
602,120,1.7811832796524694,0.5620082774024018,0.9206073364977856,0.7962687906793597,1.6718610853408113,2.2431111662369987,0.3802750312965109,0.12147916112726774,0.25234046623753964,0.1678932698299318
602,150,2.0584205762741243,0.3686746495932495,0.8662315544874978,0.6968200752110305,1.8857660716766809,2.5419126367315656,0.3480250657236401,0.07661032557748756,0.24284354980033052,0.1522505248439082
602,180,0.9872680022147104,0.03427417840031149,0.8429097477940665,0.6134421666383956,2.1090716334451924,2.6815397535931664,0.22486740305464714,0.06653821401342294,0.2056183053488449,0.14570371470543475
602,210,1.0009763383416455,2.717396326024366,0.8376770074079958,0.8948916570573486,2.1309678450425444,1.9581918840383268,0.20380854445535912,0.37531350730630786,0.17272119849212536,0.19832025745629692
602,240,1.7416481773520243,1.2861902043351334,0.918450850989927,0.8259686565497388,1.9479683661948506,2.3072391432825756,0.3025946760211519,0.23335558379016622,0.20769879553082304,0.1772783223857216
602,270,1.956610872329142,0.7633408741401718,0.9126568583147943,0.7459447180790848,1.6301266776517147,2.35525487459608,0.4115396745665713,0.1511345462970219,0.2691114652654944,0.15010083206824656
602,300,2.372030829218851,0.7972434313257468,0.9298524358999821,0.7439687471595617,1.4598569138263264,2.272499667473018,0.48185257471322146,0.23208450156278906,0.3010472700472064,0.18349851813260723
602,330,1.5139214436275303,0.42213561084079615,0.893466600117514,0.8092707339571263,2.368488625727545,2.892899972791255,0.1990323515795746,0.06188481663952312,0.16319898313513673,0.08810822791169727
603,0,0.40841109092672906,1.6598963122570132,0.80221140472879,0.8664029880751685,2.0244779410062326,1.7536895970642181,0.16551463330261934,0.34497035463028136,0.21423463591709996,0.22308543981285628
603,30,1.2176092992338867,0.5947700352078863,0.8694510076441974,0.6718782814173759,2.0154761458625434,2.7280830004657597,0.25121788474841283,0.14941887860769662,0.19600140082029038,0.1467310876137197
603,60,0.4868176245833451,0.9462550549950179,0.8124615705417819,0.8171432156681049,2.1957368444395593,1.982266226936667,0.1017062753725956,0.20778994626010533,0.1904753783515372,0.21881933179469282
603,90,0.468801516132026,0.7778002663408552,0.8113334153161775,0.7820203178574738,2.271635511554752,2.010768044722438,0.08123806287829477,0.21418901504667553,0.15780051124198602,0.20659259923386272
603,120,0.1339504249359209,0.04685522336475267,0.7082649400366785,0.6068588165522153,3.276117181394113,2.845181631853597,-0.0311988402876073,-0.00844660929476527,0.11289736053387037,0.1359282810056013
603,150,1.1197159331548745,0.5981335157597044,0.8063277773915462,0.6756364766245705,3.2399664006710944,2.863792326010065,0.06847167213429357,0.09180075839304899,0.15030954111068243,0.15948087929554405
603,180,0.45667677141544555,0.7619221882355185,0.7610941145567761,0.7581894726447418,2.271232824246908,2.1264961704161243,0.15205065887523272,0.2200666133408332,0.17572553164673738,0.19768891905028413
603,210,0.6295190403200279,0.6150981645373224,0.7869363902240805,0.752214022926625,2.124616273846727,1.945377355249769,0.19057532922227058,0.1973738501245205,0.22697439387742116,0.23898566990247652
603,240,-0.08272745287931772,0.06691967041429148,0.6555865070496335,0.6305365459382095,3.0052391354404917,2.9150611700961084,0.011767836747958574,0.02257559254632608,0.11240058761373287,0.12387448446280201
603,270,0.19096889481243737,-0.22789449497710543,0.7621121225457269,0.5556358839265825,2.9641162322217087,3.4737916448828163,0.05164949317382405,-0.015895544579750624,0.09478582441125245,0.07834282499296934
603,300,1.5330120179105693,0.7263340117194012,0.8941114664936107,0.7648768218554055,1.055224582496136,1.6552883952121757,0.46262299652809913,0.23735927755335934,0.41959213864924855,0.28598348512890515
603,330,1.045986047704253,0.7302083588642868,0.8308399213123336,0.754236680275577,2.0528059105181793,1.9779679345356453,0.20881076827066322,0.20443748855727628,0.2209168423474806,0.21656177227193002
603,360,0.005361758449631569,0.3848731764143837,0.6577164731646273,0.6952241785113621,2.9997893882686575,2.390096277184523,0.014917866423318573,0.12160121203030066,0.12689458481480256,0.17082976846355905
603,390,-0.20072753798382884,1.147613448875759,0.620982249708537,0.8610356965641617,2.9143954212627747,1.8796007614090249,-0.02308591037427652,0.2785749993344354,0.10690008115054045,0.23501028664051352
603,420,-0.03737213596280217,0.9213618278102289,0.6858181649761474,0.8472802001452585,2.8029331335039096,1.9757230897508675,0.0030176549688934857,0.24701157221679432,0.1260163588098769,0.20535156028794246
603,450,0.37767080619192284,1.1026371183643662,0.7638813886468019,0.754207221226076,2.570601464107539,2.1924652466693004,0.06418164625546187,0.25746969554321336,0.14750245329685413,0.20068153094721455
603,480,0.35832357038441565,1.4393674580772873,0.7591087021981331,0.8535848618974933,2.3279692629019926,1.9988539040467947,0.12034551999733978,0.27236149633361206,0.1731920718905194,0.20899226366465304
603,510,0.4571746394848025,0.9560325257087611,0.7453004905562948,0.8016755046554818,2.3307483472854877,1.7729306600447734,0.11080999316533237,0.25128902724216806,0.216773802673164,0.25389029306940936
603,540,0.5945134047684117,1.7342294721559373,0.7569015511111994,0.8873156354999421,1.9848811257358048,1.6521863175884894,0.25960177766986636,0.35475246156868806,0.24585694968638194,0.26569827224199244
603,570,1.005674446957803,0.700752737311403,0.7839132165353585,0.7800275799166088,2.1808871498804097,2.105415674940537,0.2518337560287217,0.2642977951620021,0.1895684698274641,0.1946934987827809
603,600,0.5580311606107058,0.9135130782050793,0.7711327310632383,0.8194735213536753,2.416830880839601,2.1015135421726208,0.12149432723903374,0.20138255860414744,0.1790864845339681,0.19785334419357004
603,630,3.6060095387236872,1.840263052406151,0.9855344983324068,0.8928227312028845,1.6961331730415419,2.4008485522605576,0.48963484236892807,0.27146370396887615,0.22693254150526831,0.1416220514306414
603,660,1.6845905094299038,1.0466100573173915,0.9149113660062566,0.8402845178313894,1.8247313314265763,2.084619289347145,0.2993112098016891,0.24296749668961576,0.23250737966502272,0.20414970210447167
603,690,0.6129713416493929,0.7246724863139652,0.8062274117319989,0.7842080901112962,2.197441629492089,2.2783740944588167,0.16773007158100228,0.16451529069250573,0.18270362793414635,0.16381585793529604
603,720,2.0051993206200516,1.6082578966275984,0.9384398888116748,0.8980308000104941,1.8069287992463896,2.090405586824502,0.3523669626975316,0.30320655374555155,0.2082223281806965,0.15741314573234524
603,750,1.5215115824115524,1.6735054279706925,0.8989290844222038,0.821426174250826,1.4918261144075011,2.0161231533651223,0.37790169686961017,0.2942065551665342,0.3004487122583131,0.22083909945492064
603,780,2.811628983450284,1.5417763868484557,0.9157786677074923,0.8473300736972645,1.8751412615705552,1.9396758622421384,0.4498433186039874,0.32444853982195127,0.2528713543484499,0.1909383441721824
603,810,1.5752932948818958,0.3336046039236731,0.8852342021422349,0.7034268570976695,2.8350521678113254,2.7873167458757675,0.15782258072418395,0.08645829944181097,0.13685556555751777,0.12343530590138008
603,840,2.2359876213409944,1.5434445334139664,0.9270415064882292,0.8368526320361362,2.2015098376785605,2.4950960642912428,0.2816199631741143,0.23140683967867395,0.170137563048838,0.1490520970892581
603,870,0.2565322823935111,1.3656755300431733,0.6921932568647897,0.841011412385057,3.0839359172256877,2.399482962483917,0.08047836293092037,0.23061164547324703,0.09990810556884164,0.1350058154356623
603,900,0.7467292017296057,0.6674741858361855,0.8191139174541411,0.7594070845700448,2.2907200931064233,2.349539798890035,0.2370327752023147,0.17639825033547357,0.24203684702237063,0.18106575117100265
603,930,-0.30205706774806046,-0.27679575752511454,0.6092519228987119,0.5309329615732055,4.203346210817331,3.839824577066127,-0.03655706406245493,-0.04132515642087551,0.042254179425496724,0.05216424664991251
603,960,-0.1741159817022504,0.04604465984180865,0.6314760083449235,0.6679025117390087,3.6188662616800955,2.9370356902675976,-0.044238167341811414,0.00043099509189245495,0.06560693797899213,0.10632232041045694
603,990,-0.29128880270769253,0.2968483153527438,0.5837444699233317,0.7391350400327364,3.9546278408898585,2.6662530094352563,-0.05254645234808758,0.052164393560848274,0.06790325516022744,0.11432841741793183
603,1020,-0.34394417158091556,0.013806648720524504,0.5805866320771469,0.6191480154556596,3.809690728197201,3.0695784991066613,-0.05048183080424678,0.0023519703980181207,0.058028545295373386,0.09203679136064077
603,1050,-0.19689434981448395,0.17595954185186036,0.5646843732629239,0.582653171155517,2.998568976191247,2.907562903699493,0.025609804887472245,0.015151742486601354,0.13016724516651823,0.1364643083411712
603,1080,-0.04159039696154671,1.0803110058991579,0.7544249837827819,0.8553449900572682,3.056097144036053,2.3261696159499,0.03480641969789172,0.20262437738581396,0.1050256094523514,0.14558210574457753
604,0,0.260989560716715,-0.19678519120841442,0.7316607443189722,0.5069196271049496,2.604790873769814,3.1580141653556906,0.10120821319056349,-0.02869041679204573,0.13101907933587076,0.0798799144967876
604,30,0.7873242111018618,0.49150785669985503,0.8250521195274496,0.7703319348368315,2.722324254617461,3.1878882503513886,0.165547592798812,0.07639992863885799,0.13829744476808686,0.0842182936679198
604,60,0.18666047066160663,-0.07347212701039244,0.7068313751390434,0.5554691603608615,2.710875742955161,3.09029170047451,0.03758959760317824,-0.004482010117594296,0.13686968568499175,0.12212669632049289
604,90,1.2740120951203837,0.13498331595164603,0.9367274299523622,0.6938566698975763,1.7938803819142244,2.868677624159718,0.36490205669549663,0.059542963990017454,0.2329415118620735,0.10968083172498638
604,120,0.36343115313268565,0.013370328003009675,0.806653113705866,0.5904398572860315,2.633032978788153,2.870582234972958,0.03779440498651863,0.015413005155775558,0.11783970405971958,0.11196674698272624
604,150,2.364068969449337,1.2677409121146208,0.9422582215115067,0.7887963760018393,1.855523722476011,2.5927368871935146,0.3928150566273234,0.19865170145149533,0.24853900601842768,0.1409470051539145
604,180,3.8456864803959316,1.6101199934190633,0.9788911279426185,0.8912392608984987,1.6161946037696158,2.6178672663530884,0.5736181537230166,0.242883213310997,0.2589642736552907,0.10142119265097041
604,210,0.7701618932776862,-0.14365682019227116,0.8317294330183436,0.5843780677313736,2.965381844425485,3.6920974355400435,0.11030531797614451,-0.01673715783404376,0.08593897614493404,0.048297800976620286
604,240,4.580166147008139,1.8536817571937543,0.9850868658790827,0.9322011006702969,1.3755429722243493,2.319384541627197,0.6545409799171449,0.3097330697384073,0.2889113872524396,0.13683957256140372
604,270,3.175281902906229,0.9255868690186755,0.9562689643990456,0.8408159237191193,1.5279622950907492,2.5090857727814044,0.5142782289625571,0.1886609698986417,0.27025984669364744,0.1282632941336544
604,300,3.9336833900383956,1.6011320106878588,0.9784819691495275,0.859583393662101,1.1319278962003727,2.0897878323415053,0.6558933679257173,0.34276564171322277,0.3648762453870625,0.1951780664001159
604,330,3.6745384470319307,0.6951450910432471,0.9613446838082002,0.7977438178785563,1.603829420917581,2.6529032378386885,0.5971575738228599,0.13816598809609668,0.251792757954928,0.10158054548938332
604,360,3.906302971360083,1.641333913000835,0.9779822596254096,0.8879449152472909,1.3010391281170373,2.3375920977367786,0.6043469700566148,0.251165677665657,0.3362440719388483,0.14753611915731615
604,390,0.9025245559540856,-0.20645306535608504,0.8820342183300899,0.5200585789375225,1.831903179848681,2.972717324634783,0.18529043485323213,-0.05642287044755935,0.26366801436749826,0.128980062277838
604,420,2.065457469193903,0.5882539424134309,0.9338012508686588,0.7960532955562513,1.5083022718174441,2.614401460624756,0.48178790404008953,0.1120054513672201,0.3072661016134899,0.12589651405847277
604,450,3.295777058517427,1.2574875795159588,0.9720032441200324,0.8566803555599972,1.321990215126866,2.555108178138639,0.6115030382075994,0.208098301830071,0.3265893624565454,0.11830946629962222
604,480,0.6312756237560658,0.22728483820038806,0.8131660643128532,0.6741822198183314,2.06397316063094,2.5870330444605916,0.2751426398762249,0.08648798511691456,0.20667828566927285,0.1194570031986006
604,510,5.1780641773307385,2.6206958518280716,0.9930468677601705,0.948889931478682,1.2403438592584481,2.396264577805079,0.6818158468151164,0.3352420706822747,0.33011136330774365,0.13962207936921733
604,540,1.9056995672598942,0.049274238251137144,0.9035625752942267,0.6474851373073245,1.9548576979573387,2.969935323584526,0.3197854164871417,0.024952733460370358,0.2093074883984775,0.09773478252646585
604,570,1.1543212515735126,1.3075045379784267,0.8482043192955617,0.73687281088499,1.9853126514399482,2.4276193050034847,0.31135319577484577,0.2502070364775563,0.2097375964416897,0.1658681494594892
604,600,0.3824089763209033,0.21373368101960122,0.740123295068732,0.6248999049663757,2.16360379089355,2.8465609759672232,0.26367519179039023,0.06259525931414708,0.2283696576784795,0.12403973275614802
604,630,-0.0695576515601181,-0.5892536886055123,0.6140766673074012,0.35261059201264466,2.963119236645675,4.15818137732167,0.030396469663804222,-0.13465783919904167,0.11704554243433131,0.04086071535815623
604,660,1.1024685625914197,0.6080423870081786,0.9021146093967196,0.7939328434090631,1.8017749270528551,2.3582518876364755,0.2619251603101257,0.1539040717209681,0.24345506234885694,0.1668626258274844
604,690,1.6824097658853416,0.08429397957057624,0.8933463116178821,0.6593058102667473,1.6521080491389633,2.7067966196782245,0.40114598207215063,0.03304074160139785,0.2815246657390814,0.12932892694653106
604,720,3.338141703008185,2.193043669884899,0.9092494788047256,0.8266604721128685,1.1444124732539234,1.807211038008333,0.7146743300447492,0.43776251546380646,0.4187352723615039,0.22996275517127457
605,0,0.7351996571871834,0.27206340652299177,0.8546796431467966,0.7542693076455135,1.8699564491006717,2.419650048494581,0.2679498352381072,0.0890197278297031,0.2548248462023726,0.16405371472655172
605,30,2.9858155717433226,1.553127039882258,0.9282538138579269,0.7835524911517824,1.74533262095138,1.900731232462447,0.521897861308717,0.4485090767920472,0.3208368684307703,0.24185803541941114
605,60,2.8869060105826096,2.7269064150849553,0.8679746175243395,0.7612384180790961,1.85984995931614,2.1533416295108068,0.564294952734491,0.518583087214621,0.37552817522118076,0.28696132794457246
605,90,0.8519362261140397,0.20975517862455356,0.8523697011813759,0.6865116698671272,2.274984701008877,2.7860223999197498,0.15480936381393973,0.02096880069169061,0.1623155517718956,0.10925935625264777
605,120,1.4265243979500593,0.5408275889394626,0.8391799861014593,0.6077622893231087,2.580912038167599,2.8330359502063054,0.24986999979930666,0.139186149610395,0.21446830168435566,0.1526169050005339
605,150,2.0091063424121556,0.9406018226024236,0.8999061196105702,0.847994115948693,1.5112370526579983,1.8871421967690476,0.4352537166657375,0.2634191624992181,0.33310574489489286,0.21577377452374819
605,180,5.218109575347195,3.0486213201312053,0.9853748349892308,0.8997079468290727,1.486511160142264,1.9838290125923086,0.5782393220403146,0.46443147968622595,0.3048325499034055,0.21633378441705362
605,210,2.32718161098537,1.070984922598561,0.8816660297387436,0.8422338053456113,1.7826358543023968,1.9635507874599112,0.46535155633433234,0.3792231928971233,0.3434310665105291,0.2363880463767709
605,240,1.7690624954523804,1.434169011896441,0.8588366167575283,0.8614820051601242,1.9133628972341612,1.8913406133605135,0.3498622443213536,0.3405415821931522,0.332337560113719,0.27775515611980395
605,270,3.037228819664021,2.5477484754882234,0.9702395428015564,0.9324339276834369,0.9609463664190152,1.5486923136373454,0.5985668399848111,0.5605415066368816,0.4294866700867225,0.3368971495773924
605,300,4.166616724365401,2.1191848136616143,0.9804700468657108,0.9594124014209283,1.2148715896138398,2.1154812709684983,0.5640910322595787,0.31204046815698533,0.3807945327350471,0.20289970537852653
605,330,3.5206377387331265,3.1493568136377434,0.9724017699935131,0.9646884556574924,1.0803344345412151,1.6101291976848664,0.5998562511073756,0.5456221892645559,0.41062236160647825,0.26905012072414064
605,360,2.934040613585564,3.3225827286549348,0.9684417118243713,0.942853818115995,1.3841665969437416,1.6277586013233043,0.4696985847842126,0.5153660804572526,0.3522059529466479,0.308776974692132
605,390,2.944795318679275,4.015512438683576,0.9534194951440884,0.9675595963165866,1.395137924729039,1.3638187058950428,0.5077818296158206,0.6071409825983789,0.38155518630622,0.3370251102130549
605,420,2.6539142007198437,1.1621035052173527,0.9624033161965634,0.8590953042672689,1.7564527008180701,2.3816141500519175,0.41107816540297576,0.2674909027929891,0.319701802095707,0.214957583175482
605,450,4.574440040328167,4.270102036649342,0.925292814181703,0.9619813224222,1.0903201635843451,1.2755739895188887,0.8051524868467218,0.7720958144403284,0.5450906827059,0.370901734773007
605,480,2.801684205113831,2.4247116752524835,0.9680780426037878,0.8794651127784725,1.1454909759752077,1.8268209228637071,0.5539358647452676,0.5081964595395964,0.4347177562143346,0.3066433099936242
605,510,2.4652389091217684,2.9289916072774793,0.9246340688367659,0.8823921694703183,1.4679862063096119,1.8336473138394442,0.4575666659044601,0.4186601022803535,0.3774527522789495,0.30891022787924033
605,540,2.552856537164764,1.1316038794384473,0.9541368530739841,0.7810064267670187,1.6396101935925649,2.319374649206617,0.38313595005975337,0.28300651367984775,0.3356891538686023,0.2517514661496667
605,570,2.5663336259235425,2.6838252806096707,0.9624096720400223,0.941816275563648,1.4569651717594245,2.2124067717537987,0.6128141017592915,0.3966936189821271,0.31623672870970326,0.16946281592923107
605,600,2.8041332748555376,1.0825736106105908,0.9610559068553649,0.8895789181113851,1.185214515822315,1.9894753772219003,0.5418044796712939,0.31912787048867153,0.4001732737759143,0.22784235301822411
605,630,3.1924511888541334,3.0509791344667114,0.9224778386170791,0.7917456804614292,1.1373404816270578,1.3601726495128956,0.6617104056712613,0.6312987829765615,0.4646413180040775,0.380177864445917
605,660,1.7724260150333486,1.3061958336324229,0.9387014217185762,0.8830787447294042,1.375018026501129,1.8683603100441926,0.481710421167193,0.39957846977922695,0.3852854580569518,0.25431617705633325
606,0,1.5613978827400457,1.7615951013855953,0.872195688044213,0.8757387042525022,1.4021679046120876,1.5016759120151573,0.39355589345721126,0.3947606001773952,0.366526024043078,0.33696237899100057
606,30,2.6030558229045617,2.8098620308017845,0.9600583495415392,0.8881880073671364,1.2981628998442256,1.967939649709959,0.544843883790348,0.38343654592646836,0.3813496811017307,0.26066360448955805
606,60,0.22216019405255297,-0.1234841843216922,0.8200694685654741,0.59977340925172,2.742203693816887,3.30007831045429,0.10894497732172347,0.008170434611788385,0.15034317877176712,0.0938602865600571
606,90,1.7668778516532049,0.9487217173466383,0.8996392446249977,0.7306850292972417,1.7204693969952332,2.1933560906758376,0.3457636843920927,0.28291668474125387,0.270955649736572,0.2050365696171762
606,120,2.9654824640139403,2.0717553704052167,0.9719616970033811,0.9359919666286682,1.2188472706837208,1.6906787810275365,0.565651828803616,0.3970949205103964,0.35010719619464326,0.25418862119290625
606,150,1.393661939215429,1.167914821178175,0.80701798722509,0.8171009206183777,2.0138836798644872,2.300227048734173,0.3151068604806173,0.23086275478890203,0.26270224822910426,0.217835922135448
606,180,3.144011992600406,1.6029378077666547,0.9744130204834812,0.8892189243071009,1.3410462380587043,2.1373224973946154,0.5767664088566901,0.27579716921368336,0.3325836717277278,0.2103809749441667
606,210,2.7631852089845435,1.9498299336266673,0.9579394866092114,0.9053484835993909,1.2467840175615366,1.7420328944334404,0.5833128403247372,0.3846042327277546,0.36885203406704575,0.2518130349375984
606,240,2.76442363787241,3.327214168722511,0.9556263896609227,0.9633374786178933,1.554602157499004,1.7975986414875,0.4691420749122316,0.45082034675396704,0.30303141586941607,0.24188548258529938
606,270,1.0217890148948954,1.4585786908142817,0.6971240013893714,0.7389893410684406,1.6359855999151032,1.838623403826528,0.3777602837138561,0.33207631999710946,0.32270099154384296,0.28925919728709004
606,300,2.511443803601331,2.147363592978987,0.9580554397665694,0.916245940078159,1.6491218934085852,2.01700482802613,0.38034775542628657,0.37870269627230946,0.266669607340305,0.20560600730197756
606,330,0.4595445575148017,-0.24646551866155153,0.8374227001111729,0.5002776330264606,2.242945973242382,3.4305348488084912,0.12446586802090993,-0.05032769952829003,0.18465115856080813,0.07805262677900318
606,360,0.4634385556237415,-0.20474215360483203,0.7821430671920698,0.5318072357568204,2.0587377398269417,3.1798699593428457,0.22504120010210305,-0.020637282656848634,0.23122228040463427,0.11059211689615342
606,390,0.9447984313396615,0.19220213773703443,0.881734620638559,0.6519584433175882,1.9456082933571808,2.7876597112007513,0.3003226724009212,0.08709299234226307,0.24804369723289496,0.15618263080895894
606,420,2.423417450533766,2.3796150767950635,0.9196261032733338,0.8002410639152708,1.8939911329664305,2.4411600542896355,0.3950483119090946,0.3344349836504733,0.27094777318706004,0.19684720781468082
606,450,0.2552086214315045,0.22706358361876966,0.8544422053907149,0.7966687736844613,2.465352282532468,2.6149103309189434,0.0943679276739671,0.07404970109339219,0.17857737593302442,0.14499353887441702
606,480,-0.15060208033878508,-0.5284547832450888,0.7100868357068426,0.29681424229266173,3.412076642334456,4.418233659601455,-0.030436378706628152,-0.0849276643577736,0.06354052516385379,0.03628639653578855
606,510,1.6598256799418118,0.7552644776532061,0.9136265721631576,0.7747741836290288,1.913547077664419,2.6574125400401147,0.2925902650643442,0.1655423159158672,0.23026310797724264,0.1648505898452109
606,540,1.4463187616873765,1.2742917062244994,0.9160333449114276,0.786338862353452,1.5903999355843674,2.164940392060667,0.3765961056444172,0.2940497050461817,0.2694963589586996,0.21850236268225046
606,570,1.3961446870531893,1.0665631878714794,0.9071070704262726,0.7653800052115,1.788513713554066,2.4464437436196946,0.3154082857428604,0.24730235611041876,0.25256875133873957,0.2127893448028362
606,600,1.8519794282125064,0.36748696560459365,0.923894969283167,0.7295650044629105,1.9242851433181352,3.1228466601734812,0.27667355913532715,0.08837866163076961,0.2097113203344323,0.1300855631142614
606,630,2.04317400382482,0.7999181210830094,0.9315281722309388,0.771750650806577,1.7776478006058518,2.7285222177520985,0.3336437295790154,0.16938148896081862,0.23094290707958126,0.15056253011931447
606,660,3.388901365382298,3.064396584987404,0.9664453251749873,0.9566587482174409,1.0710273187234252,1.427343227202923,0.6408111342936097,0.5602725264110479,0.37914706193010134,0.27967439063748617
606,690,2.9476298528574008,2.481562701457266,0.9532858234657721,0.8815149672862023,1.3565358147438342,1.6558214636741453,0.5541987135991218,0.5025712646697776,0.3341287075023407,0.25524573550941587
606,720,4.157891168472851,1.7301161758167782,0.9764868740458141,0.8948612490015465,1.5658066027236166,2.2462954214773125,0.5607668351508899,0.31637145323857685,0.26717026838083197,0.17662345696985157
606,750,1.5601527207164627,2.0103185464071287,0.8503307450767317,0.8449526477025857,1.3360523698677311,1.6891741891157932,0.5969636738063895,0.521264768889528,0.3797588027099884,0.2879555791481055
606,780,3.485667961870883,3.8197913181869043,0.969454261592998,0.9728244504667268,1.4520544287170187,1.635834268362058,0.5085820354060603,0.5480407927572785,0.2785821763158266,0.242731281534777
606,810,2.750881928866166,1.694774653273931,0.9522772720604699,0.8121117458703568,1.2918674382140338,1.8148062315596274,0.5370417825492296,0.4515992246642816,0.36288313953907714,0.2551876457499937
606,840,3.0646773337654243,2.9804612846962715,0.9132514813748747,0.9244295794360949,1.1245755621053446,1.4216183455617075,0.6116568890367103,0.5240260792537151,0.42026940593144424,0.3193773291291309
606,870,3.119706339822585,3.0477896318298523,0.9687847318699639,0.9639814421630394,1.9567658928545202,2.0609403364908334,0.3893759854544382,0.3974261818639933,0.22229975721480327,0.19383590794432143
606,900,1.8051402620835966,1.6825644577232208,0.8584954829742877,0.7738228527299984,2.5833379620691366,2.501757542337498,0.27528286437763366,0.3246017856949591,0.17379805428250603,0.17083712387004432
606,930,2.339898365081678,1.9606810237555947,0.9358239544254551,0.8639298421658209,1.5069168931339016,1.6893922319366796,0.4567908971009775,0.481555157160857,0.3243118166922776,0.28544215728767686
607,0,0.7850213179933514,0.32773771724031786,0.7636862842108789,0.6578589184636685,2.0564664789096243,2.3597353164341786,0.12959568841342317,0.0626168128286498,0.24159210682550983,0.19560732236182915
607,30,2.363648564779532,1.3550755229186093,0.9285786490943208,0.8554009756152747,1.6970977068293018,1.999996451003955,0.3721217425854923,0.33017438366108975,0.2532103421761132,0.22355575124537413
607,60,2.1252410269153974,2.397986481247098,0.9392844281300742,0.9180528843171074,1.3263248785685982,1.729615146951716,0.5145080773213581,0.46267118823049685,0.32008599089969314,0.2414938239298796
607,90,3.3505233337116955,1.0236196671608055,0.9756548777098387,0.7487772909393806,1.4220803337699741,2.7134971020195144,0.5648365373417168,0.1786879554447113,0.30865023725462176,0.17718306237340806
607,120,2.0003920291248174,0.31821467758995,0.9214361981058763,0.7278449150256718,1.9969106473823643,2.941538048807762,0.2807132286362763,0.05760066666831879,0.2469729053725466,0.13072678527929818
607,150,0.5441500492723808,0.7604044512199014,0.8661322262367983,0.7006201066397444,1.6157438876096764,2.3128017416137885,0.3735984414910286,0.2511528723068645,0.2842049944221964,0.188399838639082
607,180,1.6325306411053309,1.8334591905979785,0.8839193884642113,0.7592195965347193,1.590679736158375,1.8871102566019633,0.35394279450409305,0.4545214994460212,0.28925076779313014,0.24178314388745883
607,210,1.1316347319326456,2.069391402607209,0.8942703266157054,0.8412992963863795,1.373520012236296,2.0992307599118782,0.47263522476017095,0.283868687767885,0.3603721954282411,0.2399375354709383
607,240,1.8897522677546343,0.6157471777912495,0.9247650147393078,0.6889710967677718,1.5798398600465626,2.50135065127621,0.38287085136792626,0.1221204648963573,0.2862505788882804,0.16464016451484406
607,270,2.6003926851938104,1.742609747507658,0.9480569121614364,0.8526657784228013,1.189194877408544,1.7579810229212287,0.6008396650473049,0.4219130449476622,0.35430557849630673,0.2490467023707128
607,300,2.6234286199227914,2.819223518373409,0.9491503177140034,0.924839620342252,1.4278452505141266,1.5944897525423956,0.5493546203278491,0.5731867881055628,0.2998175844756741,0.26980253576192603
607,330,1.989695017055003,0.9459170809098546,0.9274024092262779,0.7964387368299508,1.1823454639401751,2.032888131008171,0.4863877202108607,0.22309535272877448,0.40601029652965726,0.24102453468056934
607,360,0.3664488417944682,0.0017945906413262302,0.7731095091578795,0.5629848833370843,2.175804735761245,3.1794502665300377,0.16987459089390622,-0.005095265249937325,0.2146151272569189,0.11666251758857347
607,390,0.7667759991564281,0.043903347247299676,0.8146912292897693,0.5302427349347151,1.9522826244076266,3.1524478257193635,0.19945844683944103,-0.012709664785068561,0.24667442031235115,0.13464220449055078
607,420,0.35673734318990924,-0.14974358989303024,0.8122335742748586,0.5658624300240813,2.614790465895269,3.596864812727085,0.0746860222709649,-0.03424649556384354,0.13826735627111397,0.07821243418932432
607,450,1.1176083120422662,-0.01061052295583492,0.841059763724809,0.5472939961074935,1.9793224169371237,2.9665526448560584,0.1890517794518315,0.02041652535517065,0.2436627511776825,0.15384870348983554
607,480,0.6181466940019317,0.9351502158261946,0.857839637601956,0.7133288698410917,2.251675381190056,2.654697663811562,0.1894491362246328,0.20773108587954384,0.17508380215520453,0.13754235728396466
607,510,1.4657787334457508,0.3772404394939151,0.8829601514730405,0.7425382254270428,1.6453790917266609,2.180399494873721,0.32311493242898465,0.11666890869418461,0.28525031327037687,0.21160373091798942
607,540,4.137766000660912,1.6813316682224957,0.9782341080769372,0.8904687405932481,1.0011131086724925,1.8953822731290366,0.7145206790441944,0.3289161936978156,0.43345192723136783,0.21534940463950233
607,570,4.458489693874341,2.8296628428227617,0.9920832754307949,0.9464603747011957,1.1174573705751698,2.1419579322556634,0.6828140107258341,0.2853475336771917,0.3688843267034623,0.1785538096585409
607,600,1.7158134352141383,1.4821675695202152,0.8974742208318851,0.8214519631688673,1.6302142766575478,2.1963993646290945,0.4271691035385887,0.27602673160888735,0.315573689173326,0.19559500796017557
607,630,1.6633876153663214,0.3278101667496115,0.9054161065529442,0.715481124564021,1.8134053369341792,2.408967890999593,0.30099775349810093,0.14811132220780543,0.26691211915999025,0.18326560862096242
607,660,1.2044983100535234,-0.054025900287976214,0.8288465101199574,0.5411102040816327,2.2336110405042207,3.096251131925713,0.16899901051595234,0.022485834663135338,0.205563263925625,0.12262413553291068
607,690,2.9969281009320428,1.439307189999117,0.9148540653231411,0.7754594406809102,1.5404394242298916,2.170246939344896,0.474363283250775,0.33191684213507017,0.3373025683363845,0.22126897506600435
607,720,0.7689109445083688,0.557748858813218,0.8050392579210672,0.6392991141219384,1.8793889552465015,2.5522334214698295,0.2842096033248592,0.15088017480440938,0.2769078369315515,0.1738157253589424
607,750,3.1340784485486997,2.135267422912269,0.9711362056984018,0.92030444309308,1.7544206993415088,2.211409478732409,0.45084399513098034,0.2905856550478889,0.23831996539322578,0.17552952450713025
607,780,1.2884258537162174,0.1497836916249017,0.8818706135779306,0.6369677494065196,1.916186576853979,3.1824928569055193,0.2891875689835762,0.016481752824927438,0.20501269345685091,0.10202966793233224
608,0,0.6615046725940901,-0.07411335298784379,0.7908960274417095,0.5145417813961534,2.1183971299335056,2.8752598324666074,0.1614495189376583,-0.010777060654429538,0.20266689438336755,0.11376338893410522
608,30,2.689185805772255,0.5721534460426728,0.965244481504644,0.7048259781739946,1.3532036345681873,2.3352191402784572,0.47131993625382185,0.11823677434738719,0.32169491241364756,0.14903631391514122
608,60,0.4631223581743092,0.15931950968576908,0.7331357918612071,0.6406799426685198,2.2886766149871254,2.448626621483,0.10844853920060683,0.054588250087866136,0.2158979048486846,0.1654233581914179
608,90,0.964310195530644,0.14294058740378682,0.8142784376374708,0.6912453146561661,1.6293933570520855,2.381473808871221,0.3819592343115768,0.07112424460963235,0.27980925063130924,0.1666497078105582
608,120,0.8151385653866675,0.22269790431207637,0.8150142430348086,0.6898464217709416,2.2845396702890537,2.7572846333450216,0.17855373611634168,0.046240098205528934,0.1591059714422024,0.11444581830141727
608,150,0.4222776574288908,-0.07163190886871483,0.7935802126033489,0.6554216239687365,2.710606245224746,3.0850101000544203,0.0715119666562436,0.005538972118423235,0.12477056503164921,0.08851230809414164
608,180,1.810296422602241,0.5859607412560448,0.8360830610400445,0.7861824057615538,1.7464109407422428,2.2181925506404596,0.42943197899927327,0.1341233493545776,0.2767462472787605,0.166705759554148
608,210,0.4855820631044579,0.29296255617367306,0.7274684545328143,0.7180670248950681,2.306368992312066,2.418634064266136,0.10541514930262544,0.08620774808839099,0.19808532255395211,0.1559257989944841
608,240,0.6060653472947785,-0.19986955423575126,0.8317124001389371,0.5622022389625454,2.0856067609575186,2.499568898529829,0.09308277614099593,-0.034986649703078486,0.20004218853349603,0.16012286561164582
608,270,0.6953346809095656,0.7962466919610078,0.8295759807327128,0.798238636669923,2.2209959154864256,2.387403505736361,0.17272394740534414,0.13639894802918168,0.17979139710297354,0.1481249214790126
608,300,0.25169714887740124,0.04805207065470825,0.7689650723069745,0.6919786842885811,2.76615336352301,2.8149154063016875,0.050575405081105335,0.0676685611977797,0.1309615334740058,0.13440331713683995
608,330,0.236721522987497,0.6812048840597541,0.7215515075041036,0.7653650820378293,2.6145402842149768,2.3900917335576173,0.038800995538127256,0.10352463582807234,0.14242079871362343,0.16897983715164733
608,360,0.3580904543509104,1.688189441161679,0.8365747493690814,0.9057492943786726,2.910574569995842,2.4168589505457354,0.06030919224606648,0.2211418412783501,0.11534981608814014,0.13793554008157283
608,390,-0.03861370527062846,1.0318862163512044,0.6511674774148715,0.790899420414196,2.8421866582632616,2.342348183374728,0.027941224343128398,0.15150024383094188,0.12342494140975736,0.15856262351237344
608,420,0.18348010643825277,0.6368957820900125,0.7614399518317818,0.7548932696482848,3.0520007244785723,2.6403802132470013,0.04378392882527664,0.12637667252355297,0.14292093445732143,0.1583266561059124
608,450,1.6460657308798616,1.324583931628249,0.8965354016120066,0.8433764475616637,1.5343641508405927,1.9401467714207257,0.3477341513201294,0.24894985755554208,0.3165310218114144,0.23757320757032194
608,480,1.2342734420071446,0.8994666259822903,0.8764450699657121,0.7923087614447784,1.5186646407026476,1.8670500585390803,0.3391700088310155,0.2510230904656624,0.3127920477514533,0.2442502797831073
608,510,0.7999836041159165,1.5449559137116549,0.8113969566425792,0.8554918189397623,1.8405515239809096,1.8548977822378787,0.2772559746923529,0.3541222494983765,0.23604065575523336,0.2250996553322824
608,540,1.1192536122459318,1.4516507955874758,0.8584685507735694,0.8040119300013903,1.9976751891744542,2.0495657919006423,0.22934913701367532,0.28805722793228994,0.2228231734647357,0.1979130433612953
608,570,2.2987694626758364,0.8822709811649839,0.9336776843551912,0.7848180093268169,1.5806928274098884,2.2028867474372515,0.4566371028789175,0.20649668477375993,0.27987404705945373,0.17745843606619863
608,600,2.7664767610574947,0.8989397515036331,0.9124936289500509,0.7685498380712487,1.8102338245504832,2.320975822860446,0.4083196042306711,0.1912952978339904,0.3128894250854696,0.18337619830729585
608,630,3.176997250503826,2.6240922087834146,0.9741211615951091,0.9395546678245766,1.464935493138451,2.0549774336786997,0.5345516731434554,0.40731045306756497,0.2990217812139572,0.16739210083754605
608,660,2.3390460479989628,1.6163306989636392,0.942698200389105,0.8813751375137514,1.446946011246284,1.973479157797858,0.46547614966976963,0.31130189649241957,0.3066408109083968,0.19464961564810215
608,690,0.8424418071381574,1.5435811673121613,0.8341406040634833,0.8160179176334827,1.6106881922167358,2.1247655194691726,0.38945062409887643,0.2627158898352682,0.2789862471580181,0.21077191777464158
608,720,1.5971171964704045,0.6408810217915692,0.9063149036048764,0.771644973981303,2.0032632928319782,2.773839294624603,0.2983294579419852,0.11248004932666951,0.20900517144426867,0.12225434606538255
608,750,2.3339736949616654,0.6606544753327934,0.9463286895497498,0.7489080847866871,1.4258230248881756,2.554810654587667,0.5013600550514098,0.1325449206756356,0.3002671908895689,0.1493738735573435
609,0,2.5089144664744123,2.5557954050091993,0.9159898626430912,0.8334910801175746,0.96174370373124,1.215768427431416,0.6301404087670202,0.6469113173497367,0.4844267190779213,0.387865792814094
609,30,3.682352813188882,3.0460455449848336,0.974055103164716,0.9534245479450467,1.0920140517111225,1.694383861055979,0.6486106931016801,0.4994142285081825,0.3911035839874948,0.2609333446533907
609,60,2.3817340362658546,1.5945931411581098,0.9410475164488926,0.8932694300100977,1.3898449989135633,2.03202307559621,0.4806751390577694,0.28928787453885185,0.3134739654044951,0.19882469134937433
609,90,1.088544280819056,0.8736543871282051,0.8552018903328931,0.8004569793637317,2.0944766980692866,2.2671810241809007,0.22880812090187513,0.21271676682247373,0.1931931882893987,0.15995554511411675
609,120,1.8761668915944605,0.7783884205567062,0.9283580311857949,0.820804168475901,2.1373966958519834,2.6185515896801617,0.2735044103479544,0.14811665867639345,0.16465167366563208,0.1281807457486672
609,150,2.4931465276548304,1.679811437460179,0.951414906588998,0.8836409033584239,1.2799598189603891,1.621424276737515,0.5343444106296209,0.4278838380838452,0.3417966713642876,0.26399996745057364
609,180,3.0154667497258276,2.4282843255669153,0.9708073718913828,0.9289808751237647,0.93636253423126,1.5092903240312525,0.7224481440431533,0.5551152042342736,0.4254484456768613,0.2925348288991642
609,210,2.2298458773728367,1.7870378694970421,0.9273150575881828,0.8529512833135455,1.345796532012439,1.8965012318428403,0.5232257037441536,0.3527490902375844,0.3833071371626799,0.28353278618495825
609,240,2.0642654755236833,1.3086471933013606,0.9465216226141676,0.741132902005892,1.3465598091577904,2.3857048629880224,0.4465782062480759,0.21165658979063973,0.36716068176076916,0.21499957536494183
609,270,2.775104605987239,1.7930109299498553,0.9600863326848249,0.9006580602575648,1.4959191057167351,2.103371407412207,0.45525598328956507,0.3064335260484747,0.2752604410733895,0.19849162854460475
609,300,0.27839032252044926,0.7547237728717882,0.801632511288642,0.7542310097239406,2.341156702416662,2.4402471151674963,0.17120798340031365,0.2290437390500192,0.15421158111976743,0.1488681921473515
609,330,2.2767254424640684,1.5530589765643068,0.9515134139560745,0.8544282589686331,1.4566746805109445,2.1500780090377387,0.4781104674657345,0.27992348305064885,0.31592794127857005,0.20819699534718183
609,360,1.544107789482745,1.1989788329408002,0.901026036302984,0.7820860193100732,2.0383835413876388,2.509326861286018,0.27221350519602866,0.2577107512626418,0.18992971285618404,0.1633221202193787
609,390,2.887302811107307,2.2154019356104144,0.9716140765452692,0.9337625651640302,1.5041924486203746,1.8558872383074625,0.5052708215689307,0.4086902750145982,0.28479224722144636,0.21653374150324964
609,420,1.4052311444794612,0.9269716972530743,0.8736989337902998,0.8041452506271956,1.686453838259391,2.0413339872790646,0.3450943010996798,0.2320306865027092,0.2552626945195866,0.18411006827068357
609,450,1.5864060113440133,1.4092625413495536,0.9077526919069121,0.8686309565165607,1.7297954273675236,2.236219171442328,0.37829773275484174,0.26336213199026837,0.24425432942578504,0.1733864334024842
609,480,4.549219244914058,3.0524892211948154,0.9907467870788469,0.942410137710426,1.3357842846529975,1.8692453356904342,0.6198750381790418,0.4979251559942611,0.3312046288332361,0.21190303095105875
609,510,1.9820609427357927,1.9232078561174568,0.935796739577931,0.9179883778375801,1.1180643148477032,1.463660253520715,0.5215501972176866,0.46099100459163056,0.4080218520374807,0.3095842150213221
609,540,2.4305753613012087,1.7821030722057218,0.939402362751911,0.9067605546317308,1.6875268555152858,2.342093243253851,0.4635648078475388,0.2874504018697373,0.2454182164554405,0.1427679335844102
609,570,4.154561005827369,1.8384987592055835,0.9818135602057843,0.89085037339129,0.9172913130420594,1.9712668146205226,0.7885591921072538,0.4069904765034882,0.4387884221936108,0.22324220060338215
609,600,2.2121696670859596,1.2465871823554981,0.9289058157309618,0.8057135441467697,1.4579370456733345,2.2166820212161116,0.5369745752893189,0.2712206717449665,0.3330319887813588,0.18417090226865654
609,630,1.9371208806719364,1.1703297452389645,0.9287093013380276,0.8305574494510839,1.2857190857253389,1.9633082124230732,0.47282230336800324,0.31923467282688145,0.37181007331749594,0.23346405721225522
609,660,3.525331991194538,2.441870599220352,0.9815988877302747,0.8887709340823753,1.4830220075318827,2.14679097890929,0.5350702397833061,0.3958438098533754,0.2706056267958911,0.18228239882231906
609,690,3.400268432957753,3.8157403097331013,0.9808537880517315,0.9447406219601168,1.726724519386683,2.154735729748012,0.48011032262994213,0.4279398590707691,0.2341261845613119,0.1510848005076114
609,720,1.8440785209592008,1.1431649702695241,0.9106538488271998,0.761555544323631,1.7216615207983947,2.143822454886157,0.4195837174918874,0.28685957565982956,0.2915035680272081,0.20501729312732603
609,750,2.7707341071961817,1.0945288267524484,0.9674385075041689,0.8263295225327041,1.3862078626039034,2.394462101836833,0.5237448774600121,0.17474064368786155,0.32411845230649444,0.1623373751309059
609,780,3.508199882224504,3.7354717100061374,0.9529026629297631,0.9264178707136856,1.3271278251535013,1.783038201667493,0.595626872788722,0.5396375400051759,0.41463610732252565,0.27777225717575826
609,810,3.7737772159696767,2.238750966606905,0.9613353713610784,0.7916912186929386,1.278824750015437,1.8350179751702962,0.6351166954155207,0.5004843420309394,0.3914877455786796,0.24875079221980304
609,840,2.4492432709459004,1.811617950072133,0.9421906885941913,0.9030422156872967,1.0135331071056874,1.6525853602062737,0.6153021324138386,0.43307075095810466,0.4319974727370929,0.2774679737590761
609,870,2.966425882825964,2.2107750200164014,0.9603527508411828,0.9249659214691679,1.1172219629676046,1.6408940998272885,0.6278363391568301,0.46698768026775955,0.4086383545016477,0.2759071708187568
609,900,2.6540796203935875,3.0323355667971446,0.9645303005736611,0.9678323352383268,1.5505536453885276,1.693918657739779,0.481711738274661,0.5001666912536719,0.25302549233987476,0.22484739243384694
609,930,2.3890275743284266,2.1088576390454707,0.9579222824324951,0.9403022464734349,1.5861390041133643,2.1369899801802923,0.4536993838658651,0.30603429353721084,0.27513186345724727,0.19098531811403918
610,0,0.7979164108452556,0.7244170136517842,0.8001602827552194,0.7001822276662686,2.1687280630498176,2.5072505724402125,0.2715556017175546,0.16250661224851706,0.27426625742729444,0.18596460550439486
610,30,5.310325979744426,4.318332071473068,0.9907246578197736,0.9836712955037344,1.0676726428548238,1.5659875107484873,0.7406429329528581,0.6107834783409566,0.38648081455146194,0.25429978599484565
610,60,1.8475794842257336,1.281963284381714,0.8770493874740173,0.8104910781285792,1.8247935131955433,1.6830478373308224,0.30102866683299556,0.3667658833033162,0.3366918667068586,0.342451274099445
610,90,3.1939039170206747,2.72453295938071,0.9715980133370381,0.9624369399485969,1.8599412620189866,2.163838054041938,0.3921001522911584,0.3350415305309172,0.21985064294303347,0.16037311316377484
610,120,3.6562191470659675,2.284741733641123,0.9788568450312718,0.9372761238240429,1.3234102978711206,1.9515427604648372,0.6040557854908476,0.3778837795472601,0.3164228627191479,0.20457944733140504
610,150,3.430850470935772,3.1424710222834307,0.9725001157889862,0.9596499151713076,1.9589249369916781,2.104389400758215,0.37063832514924644,0.3956333925267221,0.18375698928798273,0.16847401663246586
610,180,2.7184816599648935,2.635823348294259,0.9529917500307435,0.9481897747862696,1.4914018371285942,1.661267446312844,0.4490747995875648,0.43091103743092185,0.30891310723780163,0.27433828688651934
610,210,2.2971098755958934,2.0365249116237067,0.9528254376215616,0.917361328192838,1.807461292419239,1.8747665886123324,0.3385125283666362,0.38435827137543854,0.24365138455786273,0.22416587775493832
610,240,0.4988109076125403,1.0739062746870076,0.7923021470261256,0.8221673707183975,2.68852623944549,2.334558912350945,0.14928474767893668,0.2333210611317568,0.1580869678297792,0.17755227016214914
610,270,1.1483196463551042,2.5255343751473323,0.8674177008089567,0.9278691344914805,2.1101575001436363,1.9980168580851703,0.2181811511943109,0.30967468095563794,0.20793241957713346,0.20978708846441396
610,300,1.8123542091623932,1.9735526636641942,0.9287769284225156,0.9029498115108663,2.0555236854075325,2.275263335279685,0.29458608448585494,0.29662930834708845,0.19128218285304896,0.1954209391313783
610,330,0.925442841536561,1.1828478755125982,0.8723089597125587,0.8239114531458704,2.55202806003826,2.6386749211712703,0.14553891568167732,0.16065420966769778,0.1751223494743519,0.15851377641383713
610,360,1.665824651192054,2.7719439449349834,0.9123418381535039,0.9586547607736956,2.3674899927038138,2.1850973127894657,0.22537141883808695,0.3480987267105736,0.12886345275887767,0.15468518200725215
610,390,0.7694285507539771,0.6111575447518637,0.8616939966648138,0.7943928593488214,2.2545018363583234,2.41316372511013,0.15196974949597614,0.1223803044299973,0.1867716994555166,0.16396528701489882
610,420,0.5849485884346973,1.0296747132575796,0.8473631183991106,0.8827271621841428,2.5306584879258684,2.323604279119459,0.1640070354479448,0.2058445507018283,0.14900772358450912,0.15660995741876427
