video_id,valid_window_count,target_mean,target_std,pred_mean,pred_std,mae,rmse,r2,pearson_r,pearson_p,spearman_rho,spearman_p,bias,correlation_reliable
DHF1K_698,28,0.8161,0.0247,0.8375,0.0027,0.0246,0.0331,-0.8015,-0.1798,0.35991296921066085,-0.2916,0.1321423440419285,0.0214,True
DHF1K_632,48,0.8491,0.0307,0.8502,0.0057,0.0253,0.0314,-0.0452,-0.026,0.8606918771736372,-0.0541,0.7151173937932946,0.0011,True
DHF1K_659,19,0.8152,0.0304,0.8287,0.0023,0.0262,0.0321,-0.1136,0.5838,0.008684373486465115,0.7387,0.0003034678049013806,0.0135,True
DHF1K_658,28,0.8523,0.0281,0.8382,0.0025,0.0272,0.0313,-0.2392,0.1246,0.5276391873321584,-0.0893,0.6514705164934205,-0.0141,True
DHF1K_683,31,0.8507,0.0333,0.834,0.0086,0.0279,0.0336,-0.0147,0.5872,0.0005148428375134963,0.6296,0.0001479791896471373,-0.0167,True
DHF1K_666,48,0.8475,0.0308,0.8399,0.0027,0.0283,0.032,-0.0742,-0.0274,0.8533951963599906,-0.0711,0.6308530614799995,-0.0077,True
DHF1K_634,60,0.8312,0.0364,0.8411,0.0028,0.029,0.0376,-0.068,0.0768,0.5597971464423415,0.0987,0.4530587155774024,0.0099,True
DHF1K_630,62,0.8604,0.0344,0.8502,0.0082,0.0292,0.0356,-0.0723,0.1518,0.23900415771986627,0.1979,0.1230238377097478,-0.0102,True
DHF1K_653,33,0.8268,0.0353,0.8428,0.0021,0.03,0.0381,-0.1704,0.333,0.058253927363555,0.3674,0.035414621602343786,0.016,True
DHF1K_689,20,0.8289,0.0381,0.8496,0.0038,0.0312,0.0436,-0.3123,-0.0394,0.8689333570587849,0.0745,0.754947706927941,0.0207,True
DHF1K_628,49,0.8589,0.0376,0.8514,0.0044,0.0312,0.0387,-0.0601,-0.0266,0.8562037899136697,-0.0408,0.7808817953273421,-0.0075,True
DHF1K_696,37,0.8638,0.0381,0.856,0.0048,0.0317,0.0409,-0.1495,-0.3652,0.02623735182517937,-0.2,0.23526458168821934,-0.0078,True
DHF1K_637,43,0.8405,0.0394,0.8365,0.0019,0.0317,0.0397,-0.0167,-0.0388,0.8046606864542916,-0.1052,0.5019711200161743,-0.0041,True
DHF1K_670,16,0.8743,0.0279,0.8473,0.0032,0.0321,0.0386,-0.9092,0.1893,0.48261055963316984,0.2032,0.45027997138663767,-0.0271,True
DHF1K_655,32,0.8838,0.0472,0.8818,0.0075,0.0323,0.0435,0.1484,0.5529,0.001031311564239075,0.4972,0.003793847180535996,-0.002,True
DHF1K_607,53,0.8611,0.0368,0.8405,0.0024,0.0327,0.0423,-0.3208,-0.0161,0.9088030195029777,0.0072,0.9589674590938335,-0.0207,True
DHF1K_624,46,0.8507,0.0399,0.8476,0.0035,0.0328,0.0394,0.0216,0.2014,0.1795496551130964,0.2792,0.0601987122548412,-0.0031,True
DHF1K_656,27,0.7784,0.0306,0.8076,0.0049,0.0333,0.0408,-0.7709,0.5087,0.006731821812022555,0.472,0.012938509020963506,0.0292,True
DHF1K_627,40,0.8464,0.0345,0.8238,0.0109,0.034,0.0411,-0.4154,0.1784,0.2705951348540497,0.102,0.5312106813070844,-0.0226,True
DHF1K_695,40,0.8347,0.0392,0.8465,0.0039,0.034,0.0405,-0.0676,0.1619,0.31811744027275546,0.0624,0.7020943459381697,0.0117,True
DHF1K_611,49,0.8296,0.0432,0.8383,0.0032,0.0341,0.0436,-0.0215,0.1614,0.2678424085557332,0.2108,0.14588913551730465,0.0086,True
DHF1K_675,43,0.8239,0.0413,0.8415,0.0033,0.0344,0.0453,-0.2032,-0.0999,0.5237590249490446,-0.0863,0.582272644240199,0.0176,True
DHF1K_679,31,0.8598,0.0327,0.8387,0.004,0.0352,0.0401,-0.4987,-0.286,0.11882986660752487,-0.1529,0.4115492971379759,-0.0211,True
DHF1K_615,42,0.8666,0.0334,0.8385,0.0073,0.0362,0.0438,-0.7158,0.0812,0.6094085511106726,0.0293,0.8536739181578065,-0.028,True
DHF1K_672,23,0.8829,0.0319,0.8511,0.004,0.0366,0.046,-1.0878,-0.2972,0.16850271477928352,-0.2738,0.2061883846293915,-0.0318,True
DHF1K_608,51,0.8406,0.0441,0.8395,0.0039,0.0368,0.0441,0.0007,0.0511,0.7215248009807299,0.078,0.5862431414061815,-0.001,True
DHF1K_647,20,0.8397,0.0439,0.8412,0.0045,0.0376,0.0459,-0.0933,-0.3951,0.08471668130199643,-0.331,0.15407174687902866,0.0015,True
DHF1K_609,63,0.871,0.0358,0.8447,0.0033,0.0379,0.0442,-0.5264,0.1283,0.3161812586376948,0.1797,0.1587742910875952,-0.0263,True
DHF1K_650,54,0.8226,0.0439,0.845,0.0074,0.0384,0.0484,-0.2205,0.2029,0.14121271348721606,0.2051,0.13685425965810616,0.0224,True
DHF1K_684,27,0.8239,0.0431,0.8399,0.0065,0.0387,0.0484,-0.2599,-0.3334,0.08919655730921866,-0.2754,0.16445351087678442,0.016,True
DHF1K_685,37,0.8682,0.0449,0.8566,0.006,0.0388,0.0455,-0.027,0.216,0.1991594785615057,0.1629,0.3354050705887294,-0.0116,True
DHF1K_603,73,0.8441,0.0467,0.8378,0.007,0.0391,0.0466,0.0006,0.1383,0.24342646437420412,0.1757,0.13713279253430954,-0.0063,True
DHF1K_623,55,0.8747,0.0382,0.8513,0.0059,0.0393,0.0451,-0.3951,0.0086,0.9504214540103625,-0.0346,0.8019705461150194,-0.0233,True
DHF1K_690,18,0.8375,0.0441,0.8573,0.0032,0.0399,0.0481,-0.1894,0.1232,0.6263044526027397,0.094,0.7107560488872696,0.0198,True
DHF1K_612,51,0.8599,0.0399,0.8329,0.0052,0.04,0.0481,-0.453,0.0859,0.5488467712463276,0.1545,0.27900057654974486,-0.027,True
DHF1K_694,27,0.8093,0.0416,0.8364,0.0032,0.0403,0.0515,-0.5314,-0.639,0.0003340726075237988,-0.5623,0.0022692358749274084,0.0271,True
DHF1K_678,45,0.827,0.0474,0.8428,0.0041,0.0405,0.0503,-0.1231,-0.0256,0.8672983025470763,-0.0181,0.9062982533617115,0.0158,True
DHF1K_604,49,0.8625,0.0473,0.8485,0.0029,0.0406,0.0499,-0.1143,-0.1977,0.17328152756829335,-0.2981,0.037522950350726114,-0.0139,True
DHF1K_648,56,0.8367,0.0502,0.8418,0.0022,0.0407,0.0511,-0.0352,-0.2622,0.05089584688092566,-0.2619,0.05121027796501674,0.0051,True
DHF1K_691,24,0.8618,0.0447,0.8502,0.0037,0.0413,0.0453,-0.0277,0.2855,0.1763404684253725,0.2054,0.33573860963623664,-0.0117,True
DHF1K_641,28,0.8277,0.0515,0.8424,0.0044,0.0418,0.0537,-0.086,0.0121,0.9512445873354645,0.0003,0.9988967815812436,0.0146,True
DHF1K_645,40,0.8309,0.0513,0.843,0.0044,0.0422,0.0506,0.0257,0.5175,0.0006265470602532235,0.5211,0.0005652266957953735,0.0121,True
DHF1K_671,36,0.8067,0.0492,0.8367,0.005,0.0424,0.056,-0.2958,0.4218,0.010388399835554965,0.3388,0.043262489808153684,0.03,True
DHF1K_676,23,0.8232,0.0503,0.8481,0.0034,0.0424,0.0546,-0.18,0.5227,0.010505565647738852,0.5106,0.012783570137934774,0.0249,True
DHF1K_693,38,0.8821,0.04,0.8489,0.0061,0.0426,0.0493,-0.5159,0.6457,1.2011489138716668e-05,0.6587,6.932851176049007e-06,-0.0332,True
DHF1K_616,56,0.8089,0.0437,0.8405,0.0018,0.0427,0.0539,-0.5206,0.0414,0.7620365808701433,-0.0078,0.9543147396948761,0.0316,True
DHF1K_605,45,0.8305,0.0499,0.8534,0.0065,0.043,0.0563,-0.2729,-0.168,0.2699832637906279,-0.1293,0.39711126682818493,0.023,True
DHF1K_625,35,0.8878,0.0315,0.8459,0.0048,0.0438,0.0518,-1.7035,0.2626,0.12743469501421056,0.2278,0.18811174005001166,-0.0418,True
DHF1K_660,35,0.848,0.0519,0.8452,0.0046,0.044,0.0536,-0.0667,-0.3176,0.06297928033630872,-0.3818,0.023603143138336998,-0.0028,True
DHF1K_640,31,0.8721,0.0461,0.8466,0.0077,0.0447,0.0536,-0.3513,-0.0514,0.7834324549135687,0.0726,0.6980029320454649,-0.0255,True
DHF1K_602,22,0.8431,0.0518,0.8431,0.0042,0.0448,0.0522,-0.0126,-0.0378,0.867387155831973,-0.1367,0.5441546261498872,-0.0,True
DHF1K_649,36,0.8018,0.0439,0.8363,0.0009,0.0449,0.0561,-0.6298,-0.2811,0.0967041983617251,-0.2589,0.12731865255828245,0.0345,True
DHF1K_633,39,0.874,0.0453,0.8422,0.004,0.045,0.0547,-0.4527,0.2666,0.10086874861827139,0.3327,0.03851657133841309,-0.0318,True
DHF1K_661,31,0.8793,0.0414,0.848,0.003,0.0452,0.0522,-0.5883,-0.0906,0.627777666944454,-0.0179,0.9240552723051326,-0.0313,True
DHF1K_631,56,0.8346,0.0528,0.842,0.0097,0.0452,0.0534,-0.0226,0.0832,0.5423319163978901,0.1747,0.1979376713607077,0.0074,True
DHF1K_646,20,0.8846,0.0332,0.8439,0.0034,0.0453,0.0521,-1.465,0.2426,0.3028075710087897,0.3137,0.17809230184112484,-0.0407,True
DHF1K_681,56,0.884,0.0359,0.8463,0.0043,0.0455,0.0532,-1.1943,-0.3051,0.02221886377240234,-0.323,0.0151723428614872,-0.0378,True
DHF1K_682,21,0.8202,0.0463,0.8449,0.003,0.0456,0.0543,-0.3771,-0.6782,0.0007283201839434477,-0.6133,0.003113563351082947,0.0247,True
DHF1K_614,34,0.8202,0.0528,0.8432,0.0049,0.0463,0.0566,-0.1488,0.2731,0.11811758653117162,0.3296,0.05699552697790206,0.0231,True
DHF1K_665,34,0.8809,0.0499,0.8563,0.0026,0.0467,0.0549,-0.211,0.335,0.052779315693306496,0.0379,0.8313269519215969,-0.0246,True
DHF1K_652,38,0.8692,0.0475,0.85,0.0047,0.0468,0.052,-0.2006,-0.1358,0.4164125952082169,-0.1519,0.36255717442738356,-0.0192,True
DHF1K_686,31,0.8048,0.0366,0.8501,0.0034,0.0475,0.0581,-1.5222,0.1211,0.5164013722063776,0.0353,0.8504956283778439,0.0454,True
DHF1K_635,50,0.834,0.0597,0.8491,0.0043,0.0481,0.0605,-0.03,0.2722,0.05582791965235359,0.2549,0.07402543689720838,0.0151,True
DHF1K_669,38,0.8629,0.0514,0.8445,0.0075,0.0483,0.0564,-0.2022,-0.1815,0.275552597706071,-0.1085,0.5168948452561408,-0.0184,True
DHF1K_688,51,0.8154,0.0639,0.8392,0.0022,0.0484,0.0679,-0.1286,0.1603,0.26126208431978165,0.2255,0.11153249937752975,0.0238,True
DHF1K_697,38,0.8399,0.057,0.8442,0.0048,0.0485,0.0574,-0.0114,0.0092,0.9562418947842839,0.0449,0.7890562029670986,0.0043,True
DHF1K_644,61,0.83,0.0588,0.8381,0.0042,0.049,0.0584,0.0107,0.2413,0.06106493192681406,0.203,0.11661304100696868,0.0081,True
DHF1K_699,76,0.845,0.0558,0.8379,0.0024,0.0491,0.0565,-0.0256,-0.0928,0.4252190247888942,-0.1283,0.2693782302814888,-0.007,True
DHF1K_619,20,0.8273,0.06,0.8321,0.0017,0.0491,0.0598,0.0037,0.1945,0.4112744779733569,0.1958,0.4080992405908189,0.0048,True
DHF1K_668,16,0.8143,0.0426,0.8488,0.0084,0.0494,0.0583,-0.8712,-0.4486,0.08137073127910611,-0.3853,0.14054417737367633,0.0345,True
DHF1K_610,29,0.845,0.0627,0.8469,0.0037,0.0496,0.063,-0.0082,-0.0318,0.8698321418126792,-0.0719,0.7108225942934956,0.0019,True
DHF1K_674,50,0.8793,0.0485,0.8501,0.0056,0.0506,0.0576,-0.4124,-0.1546,0.283767370059254,-0.1372,0.3421544792053063,-0.0292,True
DHF1K_651,79,0.8278,0.0637,0.8433,0.005,0.0508,0.0663,-0.0807,-0.1007,0.3771987397529742,-0.1248,0.2730002332376086,0.0154,True
DHF1K_673,17,0.8532,0.0584,0.8427,0.0026,0.0511,0.0598,-0.0499,-0.1774,0.4957497936212661,-0.1103,0.6734589975422938,-0.0105,True
DHF1K_606,62,0.8404,0.0602,0.8402,0.0037,0.0513,0.0611,-0.0316,-0.2255,0.07803114795349632,-0.1034,0.4238532637796039,-0.0002,True
DHF1K_629,64,0.8723,0.0578,0.8499,0.0034,0.0515,0.0622,-0.1614,-0.068,0.5932041435415683,-0.0058,0.9639061919588608,-0.0224,True
DHF1K_692,85,0.8657,0.0574,0.8413,0.0045,0.0516,0.0626,-0.1876,-0.0041,0.9701175242188275,0.0896,0.4148325318857845,-0.0244,True
DHF1K_643,54,0.8087,0.0561,0.8397,0.0015,0.0518,0.0638,-0.2921,0.2681,0.04997571009008385,0.189,0.17113315970473064,0.031,True
DHF1K_617,53,0.8877,0.0381,0.8429,0.0109,0.0538,0.0613,-1.5857,-0.2111,0.12913419149256214,-0.1974,0.1566003481806051,-0.0448,True
DHF1K_657,35,0.8616,0.042,0.814,0.0079,0.055,0.0628,-1.2382,0.2322,0.17942774571871864,0.208,0.23052439311385634,-0.0477,True
DHF1K_663,35,0.7868,0.0473,0.835,0.0042,0.0567,0.0672,-1.0175,0.1549,0.3743804280279071,0.1362,0.43545928195301015,0.0482,True
DHF1K_664,38,0.8797,0.0498,0.8385,0.004,0.0572,0.0645,-0.6746,0.0893,0.593945924281493,0.0123,0.9417671599781687,-0.0412,True
DHF1K_621,27,0.8698,0.0505,0.827,0.0062,0.0574,0.0664,-0.7302,0.0166,0.9346885150578197,-0.0351,0.8619599160616278,-0.0428,True
DHF1K_662,46,0.7954,0.0531,0.8402,0.0081,0.0578,0.0704,-0.7573,-0.073,0.6295245220383594,-0.1103,0.46537545876529246,0.0448,True
DHF1K_687,46,0.7897,0.0437,0.8372,0.0023,0.0579,0.0643,-1.1719,0.1859,0.21622363901054029,0.2047,0.17243693243344238,0.0476,True
DHF1K_620,56,0.7954,0.0667,0.842,0.0016,0.0609,0.0812,-0.4841,0.0879,0.5196131148664236,0.0008,0.9956092370230644,0.0466,True
DHF1K_654,28,0.8871,0.0488,0.8429,0.0046,0.0613,0.0669,-0.8767,-0.2553,0.18977208741625956,-0.2072,0.2900829351264523,-0.0442,True
DHF1K_639,35,0.9019,0.0325,0.8428,0.0026,0.0623,0.0666,-3.2131,0.6531,2.1136739014098515e-05,0.7204,1.0629421582487675e-06,-0.0591,True
DHF1K_622,16,0.9078,0.0228,0.8454,0.0036,0.0623,0.0666,-7.5356,-0.1131,0.6765995067785447,-0.0832,0.7593195448561195,-0.0623,True
DHF1K_700,28,0.8021,0.0697,0.8398,0.0024,0.0626,0.0783,-0.2638,0.4386,0.019569084884357272,0.4488,0.01659621340925046,0.0377,True
DHF1K_618,31,0.7884,0.05,0.8499,0.0035,0.0649,0.0794,-1.5248,-0.0454,0.808250424809474,-0.0853,0.6481151556618554,0.0615,True
DHF1K_677,50,0.8883,0.055,0.8419,0.0025,0.0652,0.0725,-0.7351,-0.2334,0.10279157580828199,-0.1855,0.19719494403879928,-0.0465,True
DHF1K_680,30,0.7869,0.0558,0.8381,0.004,0.0654,0.0761,-0.8586,-0.0906,0.6339605320759423,-0.1226,0.5186302319392551,0.0512,True
DHF1K_636,34,0.8015,0.068,0.829,0.0017,0.0657,0.0732,-0.1611,0.0633,0.7219329896215454,0.0993,0.5761478226565635,0.0275,True
DHF1K_613,36,0.7932,0.0622,0.8451,0.0073,0.0671,0.083,-0.7791,-0.2983,0.07718895394238809,-0.3042,0.07124052415793791,0.0519,True
DHF1K_601,49,0.8966,0.0408,0.8344,0.0026,0.0673,0.0744,-2.3183,0.0629,0.6674782670058907,-0.0137,0.9256613877684421,-0.0622,True
DHF1K_642,39,0.7676,0.0514,0.8386,0.0017,0.0718,0.0876,-1.9062,0.0904,0.5842594602770618,0.0383,0.8170107695985854,0.071,True
DHF1K_667,36,0.7709,0.0611,0.8287,0.0124,0.0721,0.0887,-1.1086,-0.4224,0.010282748496600547,-0.4248,0.009800903559726392,0.0578,True
DHF1K_638,30,0.852,0.0819,0.8404,0.0013,0.0758,0.0828,-0.0227,-0.0723,0.7043490448847861,0.1588,0.40184080573891845,-0.0116,True
DHF1K_626,19,0.7662,0.0925,0.8491,0.0069,0.1004,0.1211,-0.7157,0.6255,0.004183942375402595,0.5719,0.010510758441862313,0.0829,True
