video_id,valid_windows,base_mae,new_mae,delta_mae,status
DHF1K_601,49,0.0673,0.0677,0.0004,worsened
DHF1K_602,22,0.0448,0.0471,0.0023,worsened
DHF1K_603,73,0.0391,0.0395,0.0003,worsened
DHF1K_604,49,0.0406,0.0405,-0.0001,unchanged
DHF1K_605,45,0.043,0.0427,-0.0003,improved
DHF1K_606,62,0.0513,0.0512,-0.0001,improved
DHF1K_607,53,0.0327,0.0333,0.0006,worsened
DHF1K_608,51,0.0368,0.0374,0.0007,worsened
DHF1K_609,63,0.0379,0.0377,-0.0002,improved
DHF1K_610,29,0.0496,0.0496,0.0001,unchanged
DHF1K_611,49,0.0341,0.0333,-0.0008,improved
DHF1K_612,51,0.04,0.0427,0.0028,worsened
DHF1K_613,36,0.0671,0.0669,-0.0002,improved
DHF1K_614,34,0.0463,0.0461,-0.0001,improved
DHF1K_615,42,0.0362,0.0397,0.0034,worsened
DHF1K_616,56,0.0427,0.0412,-0.0015,improved
DHF1K_617,53,0.0537,0.0496,-0.0042,improved
DHF1K_618,31,0.0649,0.0651,0.0003,worsened
DHF1K_619,20,0.0491,0.0489,-0.0002,improved
DHF1K_620,56,0.0609,0.0614,0.0005,worsened
DHF1K_621,27,0.0574,0.0572,-0.0002,improved
DHF1K_622,16,0.0624,0.0606,-0.0018,improved
DHF1K_623,55,0.0393,0.0383,-0.0011,improved
DHF1K_624,46,0.0328,0.0329,0.0001,unchanged
DHF1K_625,35,0.0438,0.0427,-0.0012,improved
DHF1K_626,19,0.1004,0.0992,-0.0012,improved
DHF1K_627,40,0.034,0.0376,0.0036,worsened
DHF1K_628,49,0.0311,0.0302,-0.001,improved
DHF1K_629,64,0.0515,0.052,0.0005,worsened
DHF1K_630,62,0.0292,0.0322,0.0029,worsened
DHF1K_631,56,0.0452,0.043,-0.0022,improved
DHF1K_632,48,0.0253,0.0244,-0.0009,improved
DHF1K_633,39,0.045,0.0485,0.0036,worsened
DHF1K_634,60,0.029,0.029,0.0,unchanged
DHF1K_635,50,0.0481,0.0505,0.0025,worsened
DHF1K_636,34,0.0657,0.0636,-0.0021,improved
DHF1K_637,43,0.0317,0.0317,0.0,unchanged
DHF1K_638,30,0.0758,0.0752,-0.0006,improved
DHF1K_639,35,0.0623,0.0627,0.0004,worsened
DHF1K_640,31,0.0447,0.0452,0.0004,worsened
DHF1K_641,28,0.0418,0.0409,-0.0009,improved
DHF1K_642,39,0.0718,0.0704,-0.0014,improved
DHF1K_643,54,0.0518,0.0516,-0.0002,improved
DHF1K_644,61,0.049,0.0492,0.0003,worsened
DHF1K_645,40,0.0422,0.0415,-0.0008,improved
DHF1K_646,20,0.0453,0.0454,0.0001,unchanged
DHF1K_647,20,0.0376,0.0368,-0.0007,improved
DHF1K_648,56,0.0407,0.04,-0.0007,improved
DHF1K_649,36,0.0448,0.0465,0.0017,worsened
DHF1K_650,54,0.0384,0.0392,0.0009,worsened
DHF1K_651,79,0.0508,0.0502,-0.0006,improved
DHF1K_652,38,0.0468,0.0461,-0.0008,improved
DHF1K_653,33,0.03,0.0303,0.0003,worsened
DHF1K_654,28,0.0613,0.0648,0.0035,worsened
DHF1K_655,32,0.0323,0.0313,-0.001,improved
DHF1K_656,27,0.0333,0.0306,-0.0027,improved
DHF1K_657,35,0.055,0.0552,0.0002,worsened
DHF1K_658,28,0.0272,0.0278,0.0007,worsened
DHF1K_659,19,0.0262,0.0265,0.0003,worsened
DHF1K_660,35,0.0441,0.0447,0.0007,worsened
DHF1K_661,31,0.0452,0.044,-0.0012,improved
DHF1K_662,46,0.0578,0.0565,-0.0013,improved
DHF1K_663,35,0.0567,0.0569,0.0002,worsened
DHF1K_664,38,0.0572,0.0579,0.0008,worsened
DHF1K_665,34,0.0467,0.0477,0.001,worsened
DHF1K_666,48,0.0283,0.0283,-0.0001,unchanged
DHF1K_667,36,0.0721,0.0711,-0.001,improved
DHF1K_668,16,0.0494,0.0491,-0.0002,improved
DHF1K_669,38,0.0483,0.046,-0.0024,improved
DHF1K_670,16,0.0321,0.0319,-0.0002,improved
DHF1K_671,36,0.0424,0.0424,-0.0,unchanged
DHF1K_672,23,0.0366,0.0362,-0.0004,improved
DHF1K_673,17,0.0511,0.0509,-0.0002,improved
DHF1K_674,50,0.0506,0.0512,0.0006,worsened
DHF1K_675,43,0.0344,0.0344,-0.0,unchanged
DHF1K_676,23,0.0424,0.0432,0.0008,worsened
DHF1K_677,50,0.0652,0.0662,0.0009,worsened
DHF1K_678,45,0.0405,0.0408,0.0004,worsened
DHF1K_679,31,0.0352,0.0356,0.0005,worsened
DHF1K_680,30,0.0654,0.0666,0.0011,worsened
DHF1K_681,56,0.0455,0.0456,0.0001,worsened
DHF1K_682,21,0.0456,0.0444,-0.0012,improved
DHF1K_683,31,0.0279,0.0294,0.0014,worsened
DHF1K_684,27,0.0387,0.0377,-0.001,improved
DHF1K_685,37,0.0388,0.0377,-0.0011,improved
DHF1K_686,31,0.0475,0.046,-0.0015,improved
DHF1K_687,46,0.0579,0.0575,-0.0004,improved
DHF1K_688,51,0.0484,0.049,0.0006,worsened
DHF1K_689,20,0.0312,0.0306,-0.0006,improved
DHF1K_690,18,0.0399,0.0397,-0.0001,improved
DHF1K_691,24,0.0413,0.0401,-0.0011,improved
DHF1K_692,85,0.0516,0.0523,0.0007,worsened
DHF1K_693,38,0.0426,0.043,0.0004,worsened
DHF1K_694,27,0.0403,0.0399,-0.0004,improved
DHF1K_695,40,0.034,0.0338,-0.0003,improved
DHF1K_696,37,0.0317,0.031,-0.0007,improved
DHF1K_697,38,0.0485,0.0474,-0.001,improved
DHF1K_698,28,0.0246,0.0248,0.0002,worsened
DHF1K_699,76,0.0491,0.0492,0.0001,worsened
DHF1K_700,28,0.0626,0.0632,0.0005,worsened
