video_id,model_nss_count,model_nss_mean,model_nss_median,model_nss_std,model_auc_judd_mean,model_auc_judd_median,model_kl_mean,model_kl_median,model_kl_std,model_cc_mean,model_cc_median,model_sim_mean,model_sim_median,baseline_nss_mean,baseline_auc_judd_mean,baseline_kl_mean
0601,4,0.9756393555834817,1.0217536705357588,0.6123867897652406,0.8557096974759231,0.877190441247895,2.688334698874887,2.7129428123738513,0.39803748661017824,0.1817505557225835,0.19982148241537165,0.12730876170654984,0.1273761935345919,0.0,0.5149542496576948,3.4500265131642887
0602,4,1.7914039550230214,1.957469789415598,0.7511399774800392,0.8969119377874297,0.9012432298117277,1.6933992153929798,1.631302546850916,0.2542932871720047,0.3741745383656796,0.4200266924394457,0.25011281701513205,0.2472103787537796,0.0,0.5146342481211633,2.7649321032061396
0603,4,0.18179760380691312,0.101015637952543,0.43453017795713283,0.714606110659052,0.7000838973708596,2.8202899780318034,2.7795985915347083,0.6681636672231114,0.06518666832912243,0.041922883342513005,0.14332285775997827,0.13719691114079424,0.0,0.5217128897695265,2.7196820975660665
0604,4,2.02601198802982,1.64671536542336,1.3549476171283439,0.9008778414268468,0.8952502189806656,1.6703696516888087,1.6773201389258876,0.3110331419005671,0.4461613930228026,0.4182109053466757,0.29400587290287244,0.2829338855601977,0.0,0.5510100234856158,2.9370844999503016
0605,4,1.9686443660805653,2.1720360538084447,1.3083146772744023,0.8939047700055677,0.8999848427672927,1.5846753915808705,1.5516378212162374,0.25827260647782024,0.3871813639204953,0.42841740650911764,0.3377892586332346,0.3581611141527277,0.0,0.5700422228580119,2.551301741443398
0606,4,2.19087999541676,1.9610762753595599,0.5673893472180039,0.9233397279491263,0.9268431482975463,1.6883040589702374,1.7949667154723286,0.36533436157755034,0.3999191838287282,0.3602996075617585,0.26987639057762525,0.25888892473823166,0.0,0.476752434697368,3.0270886352413164
0607,4,2.28743756864666,2.427468559173506,0.8016347756992247,0.9123003359081069,0.9122080976413911,1.515637404610539,1.5257288398020146,0.17639235102665363,0.436028236452279,0.45484996946046696,0.3284700363996335,0.337687053474101,0.0,0.5186244134579051,2.7104682368720825
0608,4,0.995625166536173,1.1628316612219878,0.7123740820520073,0.7742212222116437,0.865307516324052,1.9330498733543469,1.7423548410065974,0.5224265529056904,0.2903322372593845,0.28091831904185316,0.25121543330331403,0.26095014772891717,0.0,0.43062657633056156,2.5997189779144545
0609,4,2.0162068939864364,2.044516894042594,1.193966268382938,0.9166451376009257,0.9229111788632239,1.7291924364155058,1.9033756638355954,0.6582971457799265,0.4192549231345611,0.3585178702518747,0.2816660496008328,0.2539707930243819,0.0,0.6664901129932028,2.959218102682534
0610,4,1.5590530856160956,1.290090266060607,1.0572381567206,0.9006696225000715,0.8903890336219892,2.002334381819937,1.9360872425019373,0.39977921277151074,0.27576641835236765,0.31030528877026253,0.20831663279168505,0.199671659257037,0.0,0.5645208298277231,3.0668586458950133
0611,4,0.6680146352655657,0.6911743126507306,0.9871114193539259,0.736447037445456,0.7887551002208941,2.822029732256418,2.2050000602190956,1.4923969210477541,0.16903151947646056,0.18563524835281422,0.15966690408011353,0.1947837017911165,0.0,0.5634917361857119,2.85872589262752
0612,4,1.0562442495117055,0.6804040667944903,1.1366656039848113,0.8223508472787092,0.8208244579371884,2.2225639060616142,2.0946043221294297,0.6130775336106999,0.20461577754896326,0.15951156426292346,0.19815255210738636,0.21856615145189134,0.0,0.5169136375536146,2.8745755361029453
0613,4,0.775950586585007,0.680611299315414,0.39161304624618815,0.8424807917121342,0.8527691814653777,2.397882360973136,2.4802171902355052,0.42472441715384995,0.19250814826583124,0.15970613225221625,0.1822924346136247,0.1619447523757251,0.0,0.48489702171476634,2.9781057508156996
0614,4,1.9058336333351575,1.2928752450084833,1.7034730315765598,0.8996650202697657,0.9001839693067393,1.4921782169110622,1.4997793312768293,0.28849080976096214,0.4845874820727706,0.43512905345886244,0.3181061894429492,0.3137589254381993,0.0,0.578815246138576,2.78331980729933
0615,4,1.1549982916804538,1.0451201864733812,0.2678184691875548,0.8406571345003246,0.8391031917890461,2.0252731918744313,2.0452477485476126,0.16460576788298215,0.24633457258666103,0.2490784279199419,0.20158063347701638,0.20616281178610832,0.0,0.5337040392839637,2.7123301744552872
0616,4,1.8518986087637421,1.7028330777753857,0.9948142960547062,0.8934758795435292,0.8883654512866586,1.5499461927175877,1.6312434927428012,0.40945471072277356,0.42408630834311817,0.39902785130911467,0.32433082443715966,0.30920769285294813,0.0,0.5331195928933361,2.6571455353991627
0617,4,3.9171827704416056,4.170214067426926,0.9262030858723641,0.9704627553942323,0.9744930052158489,1.6058988237526721,1.6530064183205038,0.42460165913371034,0.5657948993789675,0.536721110139917,0.27014529217819205,0.24753349090223842,0.0,0.49857235775130726,3.471906235343699
0618,4,0.3368463421385931,0.28064444329749694,0.4052816082067237,0.7035717333654029,0.7095725654975258,2.328910998669708,2.3141664707550174,0.36996934003830984,0.12386478976984558,0.10283309499629847,0.19128810662812723,0.20271484790476585,0.0,0.5286788197081194,2.441421008420117
0619,4,0.41224046679618365,0.41394716255966196,0.31325107868601465,0.8134730840833078,0.8148973147190339,2.660282473718996,2.688974636490806,0.41245686320328534,0.07186633748219966,0.0788985083009668,0.1455809409359625,0.14146034476231564,0.0,0.5464992095888107,2.837833101664049
0620,4,0.8297849707160891,0.9652760632680246,0.46087219081934494,0.7771594640248459,0.7999468478786629,2.0991975143291732,2.0013869749406337,0.2895631350440239,0.23047677320589982,0.2414383979925214,0.2299659438396511,0.21146234234583444,0.0,0.530533093436229,2.518897577708332
0621,4,4.1545514047261545,4.404042446023768,0.9249600158174763,0.9755324694809169,0.9755021102106438,1.415668236985235,1.447136378780539,0.10512887620453065,0.6709157754018529,0.6719039284157085,0.31325116298140554,0.31960211450310905,0.0,0.5447845701430154,3.2794184201888745
0622,4,1.8504980598302014,1.552725947193918,0.8794060170226107,0.9225366345102384,0.9233502896429917,1.6735362901256947,1.7749007443755596,0.43641487792361977,0.415855831116646,0.4095051170712297,0.28850662377620245,0.28889590640152807,0.0,0.5821653595020326,2.959727527561089
0623,4,2.1654194058247174,2.13134848162721,0.21717269776683365,0.9268906008663318,0.928736324400281,1.5105936127418373,1.474111612738084,0.13205409408337632,0.41285590372964354,0.4207313790164314,0.31869184980141635,0.3182208139248072,0.0,0.5384040405174754,2.8347263619673986
0624,4,0.8381465034630682,0.6970340523406853,0.4746828802450708,0.8505389738997361,0.8667415556748357,2.1536593369813524,2.1804980965137144,0.309380854142875,0.18492014451510577,0.16071359389419504,0.20875946073362878,0.20649462870122973,0.0,0.5081238460838186,2.6789978150097267
0625,4,0.6335457851259763,0.5366266558718948,0.3433847019038566,0.8203663234431043,0.8220485830213072,2.269104368128202,2.3341370498821417,0.27247256233497247,0.18954180103726276,0.18358636792727462,0.17829051449588873,0.18115528890753663,0.0,0.5706216356454011,2.996013498569063
0626,4,0.47526428113479735,0.15698606738263052,1.0452489526050999,0.6723233376323022,0.6841687616911771,3.092791266812066,3.2124208130421863,0.8198088849262134,0.10112680553445799,0.04594823630310119,0.13000908934668776,0.1099333925165554,0.0,0.5882567705736007,2.9650279227085905
0627,4,1.9055671215491645,1.952273832470111,0.652460186937788,0.899769971422446,0.9008382916969907,1.5356920623793084,1.5043738486939593,0.1570569937358596,0.4355080339926052,0.45540603656436157,0.291006607252554,0.2949852370758385,0.0,0.5473699719273714,2.6468089081023
0628,4,2.1586849430132973,1.9504757871938052,1.1402657646088012,0.9272207449639631,0.9245368961941136,1.6873429832944211,1.5979665393443923,0.32222000696297154,0.4075632674036492,0.39561384542736605,0.2544622204000374,0.27669420609780343,0.0,0.47159512716497043,3.0262962938004616
0629,4,0.6145022099365482,0.5280973087036382,0.401003211204924,0.8197521841563667,0.8164518967129111,2.624959825913722,2.764998912720362,0.3994567108638181,0.11832996169986262,0.09129484747543413,0.1391814005058808,0.12426781269380374,0.0,0.5558026500420823,3.1407096509156087
0630,4,2.236324771174997,2.209384543249609,0.8406271288569505,0.907348243566569,0.9027546907112907,1.571471710275243,1.6446274739321503,0.17307659833597075,0.48109305167697597,0.5040634204296386,0.33449845939776246,0.3386720778290493,0.0,0.5301222320774078,2.71171163515539
0631,4,3.7232949354060674,3.634331593567559,1.4887002844917614,0.9655662028105803,0.9738524609359458,1.3405742356621655,1.299688163910507,0.2931780457386946,0.6012850056418494,0.5923677432867729,0.3410403298647346,0.3566326281315775,0.0,0.6422404659704148,3.1925048413089194
0632,4,2.1175970306217895,2.3917823685960213,1.153601996343869,0.8853069687340447,0.9056128950050969,1.6642708413270941,1.3805525278601425,0.6674176987987387,0.4308495002869791,0.48964484351913184,0.31285025492342594,0.3510566585366205,0.0,0.5467559906172116,2.5616438524553224
0633,4,2.6643185076514793,2.800975719699913,1.3078955404906094,0.9399118350914097,0.9508619027423018,1.4878896098649181,1.4766103505126218,0.06250648957851246,0.4945741850469438,0.5096814861259278,0.3090106952115184,0.3026854847767434,0.0,0.5354833102992927,2.9449777892948963
0634,4,3.732830788125267,3.8714141460865,1.5458461251349578,0.9634496699714586,0.9650621061275627,1.5069316769623613,1.4741458944493955,0.17926661665339455,0.548895478804414,0.5890212706904774,0.2876039393132339,0.28358122030177124,0.0,0.4673490403906402,3.30401549680984
0635,4,1.4273858170991482,0.7156166727315465,1.7309084061113706,0.8037292101928153,0.7950972026915792,2.2832984465850963,2.5079246636280335,0.5416233080482104,0.2626836264649751,0.17371809507259794,0.19060796574531577,0.1784323724974984,0.0,0.5500807923019577,3.016346409385914
0636,4,4.275995495639739,4.504730581896013,1.2596957794800228,0.9259909337984933,0.9147017839723084,1.3595321847092063,1.2829804559119289,0.21834170519055007,0.6769880979080124,0.7057324430652313,0.36034999369714343,0.3535909646501303,0.0,0.5184304697879731,3.059114010485515
0637,4,1.4575699386232432,1.4769306940456337,0.05786084286189541,0.8778740998506611,0.8786425800847621,1.9033722288085948,1.9164238810269265,0.18655033168864768,0.3035948037071958,0.3057513128996243,0.22648071496380623,0.22871210086631136,0.0,0.5860261855811864,2.849031982789179
0638,4,-0.12511450643768124,-0.09926235686980774,0.08240954601024038,0.6686797510375734,0.6680752913445898,3.7004465839417398,3.6098290686428407,0.48687552469421885,-0.005188554272232333,-0.0010583885489478984,0.06252656979465239,0.0731010527704308,0.0,0.5167409360430234,3.49756927736811
0639,4,2.2793445253403792,2.358783563434294,0.6095383563838435,0.9387184499727281,0.9397681451612903,1.815002254529999,1.7274760783609948,0.35054998015776145,0.3952271755949905,0.4164705974884601,0.22839993689113366,0.24122525493057512,0.0,0.5383103216490754,3.156883155352959
0640,4,1.8927962071132447,2.014794195236498,0.7532533937735242,0.907902376616985,0.9190039233259542,2.4187421225492254,2.3763342326522596,0.1380882520099522,0.25807444704166405,0.2801375935638851,0.16303198963309884,0.16894339654932838,0.0,0.6271542376840772,3.4202341464999315
0641,4,0.7863898247230221,0.7551885274083094,0.24858661293126974,0.8065478452853538,0.8169431640649836,2.412170841071591,2.192181636624626,0.5520193969730266,0.14445803179091432,0.14891665168834972,0.16927980899801842,0.18155433435267837,0.0,0.59730972678537,2.6720056444326
0642,4,2.8381222733733362,2.8801583267420967,0.4337880371489101,0.956919127019846,0.9572205781248251,1.371005556027637,1.3671651362570982,0.137364002611004,0.5859757658010283,0.555340427276463,0.34725237253002167,0.3592453686282785,0.0,0.7156824924427122,2.712801322959311
0643,4,2.278219345317556,2.2395121044884085,0.6082928382672002,0.8958833183212449,0.9192078460492954,1.9277892430590864,1.8738912249717044,0.6059675459095248,0.4498759418041051,0.4662572305207219,0.2866745715900468,0.2957544191936382,0.0,0.4495500752156661,3.1709908689250343
0644,4,1.316617968724636,1.2766773783624874,0.9946417709971953,0.7852046507173347,0.7916886329751109,2.259908084585487,2.2362196496569924,0.5996034772382273,0.29910525653167197,0.30058737314038825,0.2127990599565126,0.18261803802297555,0.0,0.4792667849130245,2.851673517816517
0645,4,0.599865463316125,0.43226927038348945,0.9614160845818593,0.801437069118066,0.7903134176666498,2.802665258528699,2.6044724154011605,0.645742947934482,0.13263278900789854,0.13559292612878743,0.134693349205669,0.13381457479599684,0.0,0.546839549183465,2.946730430750735
0646,4,0.9469275683433162,0.853753023485919,0.5627028560946037,0.8492006101510904,0.827536863890977,2.419206674414675,2.3911142415433586,0.3984783037943244,0.17664069363258106,0.16242448992670452,0.15372094515514442,0.1430881415018318,0.0,0.5645580855184874,3.2852144120196534
0647,4,1.6802458744333184,1.8236740582072333,1.0658121910216414,0.81904807913097,0.8845336014308661,2.3488345647992563,2.303732721500455,0.3734426723070953,0.2931568539821626,0.23851662291144865,0.20491364131664525,0.16691489435173923,0.0,0.6002100692407051,3.052868356553989
0648,4,0.895380440839763,0.5471833072377028,1.1795906138933812,0.8270024885876327,0.8283302191424105,2.852067069432473,3.0441739156413226,0.8178439085496163,0.1339784359684704,0.04989082626311228,0.15221026997805764,0.12704599319369006,0.0,0.5276914536708327,3.147463450349285
0649,4,2.3217525050266405,2.4145499987616765,0.646515851790665,0.9095763466251132,0.9162632091359544,1.648255292421619,1.6816350353208591,0.15584426174140784,0.500279738946089,0.4835942687673266,0.27444435451977467,0.2765559385217955,0.0,0.5369951816952885,2.960790105922139
0650,4,0.7375700850484076,0.6519693640884088,0.48105160764250837,0.8210404287459074,0.804151498135774,2.325647584044669,2.353467375833997,0.3175231176085916,0.14476308152126421,0.13912420304511947,0.18040710999159926,0.1696296309809902,0.0,0.5157307597734924,2.7618057250177825
0651,4,1.0379433492202028,1.1448350662815616,0.81088754943193,0.816261463314252,0.8352870755506887,2.1091535445294944,1.8238421661326834,0.7605056596535067,0.28638465985374306,0.35015347921830525,0.254381334994065,0.2868902900308755,0.0,0.5846413667805853,2.611884682679589
0652,4,2.4519180575708788,2.1141169630958436,1.947290730906273,0.9121749165757752,0.9202258901384023,1.647509416229169,1.7825724383710657,0.6479216509531303,0.4281398124850758,0.43519930369865917,0.31051529060467126,0.26437873597388495,0.0,0.6013760395821619,2.851258347784067
0653,4,1.1876896951618963,1.3301954773003364,0.9287916511286916,0.8302126893539261,0.8738474325058951,1.9005469986637262,1.7677061480125094,0.5696693485752151,0.31470747379896147,0.37141532615812745,0.24256493363678927,0.2525377493730976,0.0,0.5586401056570316,2.716309263397747
0654,4,1.5304037900167642,1.4150405178029262,0.6050128423472614,0.899356872901157,0.9111849250736728,2.112914947130845,2.016043884606054,0.6621752920176035,0.33400652261556163,0.3413077441152576,0.22132156725216864,0.21969384669147418,0.0,0.552569112672211,3.183969436053173
0655,4,0.3706333343520912,0.3285701651823467,0.3632736165681214,0.8679857169898219,0.860427917564311,2.626518548181698,2.5499658816275677,0.5205715935479083,0.10093530448845611,0.10711564687231359,0.143659047747695,0.14987222836801575,0.0,0.523209427556222,3.137456563286121
0656,4,0.4888398008517209,0.4742227723744689,0.340263538174155,0.6941078468014529,0.6856814864462463,2.695979865942925,2.943582262343889,0.6039722261083527,0.09203209854287278,0.08423801449424417,0.20129426079171622,0.1901703337986303,0.0,0.5341768445228875,2.404414379544088
0657,4,0.9641494800851665,0.7017181017363954,1.1615031430109481,0.7995379335256196,0.7634190763132851,2.4046634813347776,2.303183068700679,0.8100181151890993,0.19704324277080332,0.1802599449652883,0.18165191770412448,0.1713546499101323,0.0,0.6106250581325275,2.8046175930189015
0658,4,2.278882187673894,1.9961033856414037,0.9173457879541528,0.9204658157921491,0.921514681947514,1.2803155708298544,1.392586164044534,0.30100343299358423,0.5299846628429146,0.46921715812381193,0.3628045846570905,0.34160392612899426,0.0,0.4977253663141533,2.7054386110434705
0659,4,0.5262922836196948,0.35752802566173647,0.5120435493024894,0.7563569616822484,0.7492792875494114,2.6191017959706717,2.622625455085103,0.20096911127174338,0.08682412163662526,0.08576281084689191,0.1817260480650406,0.1779457978428818,0.0,0.49644074583367637,2.715482478440101
0660,4,0.5053161117973881,0.5151824079050649,0.5348429217673559,0.7979532843251664,0.7954118982906466,2.419978788685443,2.3588969024968103,0.5632100724408154,0.168911443360612,0.16814647020713933,0.1919896702964505,0.21126599162448217,0.0,0.6925245318541282,2.8379418036085227
0661,4,1.5700699527403743,1.2738596899185304,0.7525025885550815,0.8773048195135199,0.8541652272037817,1.9267992446166653,1.9643922960832565,0.19212505695155102,0.3097387364309572,0.27072145810238435,0.21838954943595545,0.2214411263520304,0.0,0.5016740412843297,2.9463139684586066
0662,4,2.3106242476085743,2.236073837046971,1.01195989514278,0.925534256011251,0.9343624061978877,1.7786467491361346,1.700251953362851,0.2723805805955776,0.4107010263352711,0.42930946287093874,0.24346367618374604,0.2473218293258272,0.0,0.5977852864352757,3.0589116215875882
0663,4,1.7720167056122207,1.8395687580766222,0.4180792337816746,0.8699043916220078,0.8774997659284823,1.9061047665933768,1.8798743090834629,0.40229694230724306,0.3700494267551001,0.39197303911694314,0.2756369878645159,0.28525506653623933,0.0,0.5136263015196945,2.6830680608269644
0664,4,2.4409403174735407,2.6101942865438033,1.6535533021388977,0.9226481716999758,0.939497864930164,1.7784814881352335,1.6025497033318197,0.4534416121887573,0.3876304359454656,0.45179169068040337,0.26364304531432414,0.2886508272037431,0.0,0.5219722682150514,3.1366172161519494
0665,4,0.3985994740017387,0.3015038754302851,0.305897996738746,0.8639993585011562,0.8675752135212641,2.9239027739153656,2.944731862866196,0.3059582302236484,0.08395004010756947,0.09258354382666054,0.10997441594230571,0.11375888417825442,0.0,0.5372260052074566,3.471047971093233
0666,4,1.0289997212578623,1.09565417151589,0.8718571695660629,0.8256478619371886,0.8509758545388961,2.3812920089216147,2.429631342378905,0.9579886224707135,0.20592472067069678,0.18274682429667632,0.21636128204105828,0.20752236247127598,0.0,0.7139066426841052,2.826771734660121
0667,4,1.0749556804931142,1.0445352165799435,1.0777026003746168,0.8152917149918377,0.8253760724734474,2.0437517313253424,2.094100259901788,0.5556284359038669,0.2587446623539465,0.2542725863426153,0.22235829997829273,0.21269735957279412,0.0,0.49737615925892553,2.6466251920470016
0668,4,0.8421170278260641,0.7116526324593284,0.7844463280384333,0.8209661680620707,0.8293211259513558,2.284219299137597,2.3351878143180764,0.3441924764066868,0.18342408700818136,0.18264292973282265,0.19514642817706215,0.20397072220109458,0.0,0.513266058730665,2.692442526709147
0669,4,2.285901942503033,2.1763608987276615,0.5917109575646065,0.9048643361248436,0.921901425715203,1.5153749356960755,1.5445684340524428,0.2553187814947293,0.5093235857642542,0.5188484769535122,0.3434834672177218,0.3334554203063469,0.0,0.5980186843248712,2.7370906364226295
0670,4,1.0549047568867704,1.1740962536140631,0.3377207457714145,0.8942424029989009,0.8880142286471067,1.9545501025829408,1.96596029749503,0.29108013224247226,0.22030928090595833,0.222232724043267,0.23716215218463466,0.24280621512389883,0.0,0.550875370025855,2.831998658086808
0671,4,1.2648305481010227,1.1844201414771272,0.5088078390136772,0.9018426621327985,0.8955409010579194,1.7663852800806628,1.726617224536714,0.3986113847311137,0.2981161144623047,0.2686299749544667,0.2769905127407697,0.27771927815183484,0.0,0.5701398210096922,2.526372736414329
0672,4,1.835805902441844,1.6583844215457362,0.5582902086242296,0.9049266893496167,0.8932860893792671,1.9808132287766216,2.007228216819607,0.18989576388419696,0.2975441502859509,0.2621345060723314,0.21325911754236732,0.21561807579222134,0.0,0.5007851789596278,2.9854001733944
0673,4,3.3762402855052303,3.159995070623479,0.8057601673400718,0.9619720375301561,0.9561420227306616,1.9987792670416293,1.869612754922474,0.44744960138808043,0.4133559804766239,0.4353500854288447,0.2069221731237092,0.21969698866722273,0.0,0.4943890487270723,3.4646613775945037
0674,4,2.357761962081851,2.6306273271019807,0.6438959822794144,0.8739088033651117,0.9543017536278287,1.4885357362545433,1.2598105346021917,0.6642583880588204,0.5116019876442472,0.5145709083284359,0.36186904273085874,0.3687640532946582,0.0,0.5611187314425099,2.732148374641807
0675,4,1.2210724952384697,1.231233260120299,0.9392726934542902,0.8519177448188785,0.8771976066893137,2.507704624427046,2.5377597452542493,0.49136612825750675,0.23124468490042038,0.2426305020742403,0.18075550033001409,0.1846408166156549,0.0,0.5490859700607723,3.220675160209165
0676,4,2.3791059624251316,1.3910941707939168,2.891320532433618,0.8779310509384153,0.86701089605741,2.204893178885894,2.3755730676156337,0.8002616278833311,0.3123112283360157,0.2230696030533629,0.2344015873311425,0.23601395598604571,0.0,0.6534689383927883,3.044016235109401
0677,4,1.3635757239543929,1.6161811991751551,1.0547679629635518,0.8457323317155219,0.8920820385476371,2.752188793342175,2.397485126598954,1.0929843491209086,0.20712452782778157,0.2486172419993236,0.13724171239003372,0.14745833823168725,0.0,0.5215635614304546,3.302171313703317
0678,4,0.8802938224084293,0.6525921055581665,0.5040979115072305,0.7819296928925471,0.7844391172116352,2.2184917323840136,2.2553974182105554,0.26238625065682625,0.2557562488767993,0.25916502608017167,0.20771067687588413,0.21116121555252537,0.0,0.5538398180355717,2.782046818879406
0679,4,1.2631350823320238,1.1088914878630258,1.0071363137448113,0.8733358374122184,0.8628233388709634,2.251441513413978,2.2071343174350253,0.31929453706404576,0.18202316524838832,0.18267058655523424,0.21252938454756803,0.2189155993544311,0.0,0.5392880150630466,2.894973075803657
0680,4,0.5571066707612027,0.6234233558606177,0.46507545734624656,0.77087495375593,0.7671240284924056,2.395465760201531,2.368060018620614,0.42202331519170777,0.12669732895058322,0.15031695970636186,0.17233737093357815,0.17903361805714899,0.0,0.5027805298912547,2.6326846982886445
0681,4,0.8753647379862867,1.0015853470569964,0.5142173860965542,0.8322810961964531,0.8500172252773333,2.3034315765404862,2.3436387981855233,0.3382073492799899,0.1858891244126322,0.218482810620989,0.16798878918252133,0.1688203599523142,0.0,0.5760550667158558,2.986126310469287
0682,4,1.0924960947242326,1.1355853236905722,0.5161033691170365,0.8568317861398284,0.8596397737704052,2.0346417019616005,2.0579373322393772,0.19911783733534621,0.23069826203793747,0.21985091415071217,0.2316638691913542,0.22349148376586606,0.0,0.5207645821058658,2.776979019263258
0683,4,2.9661901362923486,3.2415590646229306,0.7628568467461797,0.9353226487446378,0.9383138542487137,1.5066673018561507,1.2633639715882365,0.618643479471535,0.55637142727877,0.6538011889406472,0.36566430040537745,0.4152045882594186,0.0,0.48453983876356915,3.018720467558982
0684,4,1.5673392235174095,1.2026380593317239,1.287975032940543,0.8806927384789658,0.8769320310698194,2.138867178041041,1.9773064725706009,0.624755597022013,0.2653661259190053,0.26316648431434675,0.21015625287404904,0.2010261698435305,0.0,0.5240587712131857,2.677147260511104
0685,4,3.018594262742448,3.6048240180128164,1.670492817801181,0.9581204268239647,0.9607041128247882,1.5702792694249705,1.3585329318591213,0.7300231824973822,0.5054025316891048,0.5641710647423877,0.3267188050429691,0.34783386252630977,0.0,0.608113024011061,3.3038532471396866
0686,4,0.8778079074392864,0.7034122523163133,0.8386341237516153,0.770211273319882,0.7637855518442246,2.062919374679079,1.8816400610394572,0.615042363664812,0.25818263515875417,0.22997377118320267,0.2530942134669282,0.26333464458888195,0.0,0.4933276275385152,2.4249780924606754
0687,4,2.282571696344385,2.190140885843519,0.5894322631995479,0.9290203153827863,0.9268192965056699,1.4335044214714077,1.475318970218011,0.12353782608075338,0.4717860364434567,0.47905987332850924,0.3142751512541561,0.3065989754312131,0.0,0.5212962460856648,2.7167335438572793
0688,4,1.1874265826409531,1.174377143531515,0.3121765926710199,0.871923570750687,0.8763492733346776,2.09333292818304,2.101148784815001,0.1744661793385018,0.21688608248732244,0.20578980619451842,0.21822629177094263,0.2219740769636328,0.0,0.5747076336915722,2.8431965075112404
0689,4,1.9584672032887402,2.045859949435016,1.672604850673571,0.8879434806963304,0.9467128231387587,1.7546155429640615,1.6821459368626384,0.45672819403385784,0.4555023824412244,0.45620618595144546,0.270398905827565,0.2754246667856536,0.0,0.5428079512858138,2.9958961192575044
0690,4,2.833986540748333,2.812915074456469,0.7390793690392522,0.9254962811184877,0.9187776136938982,1.7102291111037342,1.755446805484763,0.17931363689830412,0.43791852883425625,0.3894597153067365,0.3169062057773012,0.3129387974281788,0.0,0.6026516469382981,2.9112735296825623
0691,4,2.672921067229405,2.5996042383861275,0.15953866270297556,0.9621447570637052,0.9591862685873884,1.4029822467563076,1.4284826215711446,0.28362736276767364,0.5029899903100719,0.48958315328277646,0.3060170292385689,0.2955949735914266,0.0,0.4620836472659806,2.968350823717784
0692,4,1.513364576837827,0.6183344364634507,2.0161062590476773,0.8222120577177643,0.8048026692773074,2.1559636887642344,2.1496842331490806,0.511654088115809,0.22345116711776553,0.13969177947266415,0.210175145167866,0.21882832361123689,0.0,0.4855948982819147,2.740561971121858
0693,4,1.3052902514619846,1.2870458791160286,1.1977095073537976,0.8765852371150353,0.9107088460312112,2.060233709427041,2.0813363478213676,0.3810024501659361,0.27002915356602275,0.26085734799704796,0.25343645890657623,0.23673139858793957,0.0,0.5207080033074286,2.8345063057535445
0694,4,1.4143656949522188,1.0122651510286194,1.602964721027306,0.8776771091200505,0.8689849534232149,1.9705264074481397,1.8896882720561146,0.5982485805257188,0.25099152825955195,0.26681815720736535,0.23051427133626828,0.2313326958537795,0.0,0.45096953173289844,2.700009567573691
0695,4,1.2968482161748738,1.3745883727260337,0.6563164059465231,0.8387314969696221,0.8795952409534535,2.0954733724975987,2.212925016094749,0.5531442001330087,0.26417850024661577,0.2183675868886962,0.24016727133331617,0.2168816059611002,0.0,0.5073514717156717,2.710636069118961
0696,4,1.5737254371169538,1.5680763936454238,0.461418696964838,0.8926070084272942,0.8989576497583467,1.9689941041456085,2.050298089994434,0.19606562180218412,0.30772160822329864,0.3142482618978139,0.21253859777112555,0.20945331806435608,0.0,0.49385536044367667,2.994146141883954
0697,4,2.2483590760021253,2.2540985079889113,0.2227759087837259,0.945548145528315,0.9485802018024201,1.5665018765716603,1.5649034857416135,0.3423883018573175,0.453786443290383,0.43736433012385084,0.28530242602075667,0.28883344095224117,0.0,0.5550637960552884,2.975252372123466
0698,4,1.587064643507961,1.6740270939715436,0.5282471256775232,0.8780853980071323,0.9081794713469249,1.8333506492121718,1.7503220272255262,0.3749719779691409,0.3295115803626745,0.32745628561847573,0.25849176004579766,0.25299894145317037,0.0,0.6264919046973284,2.687070348853269
0699,4,2.4125953442190142,2.5424122719525233,1.2458341480214525,0.9005066332516855,0.9389773749358797,1.8439353565384389,1.704749903101596,0.531264317366992,0.4171449381394953,0.4331751155792788,0.25746035700713077,0.27400556121509606,0.0,0.5818845977653164,3.0341515467160374
0700,4,2.0005800552571054,1.9850469235469097,0.1768357563334357,0.9108578273819564,0.9170815151098396,1.973859739953237,2.0641559168023917,0.26858917950381817,0.33412211877445686,0.32171820240974286,0.22451897360659992,0.2154179316670798,0.0,0.4907721017478152,2.9736541910729155
